State,Abb.,Size (Sq Miles),Population,PopChange 2010-2020,Population Density,Number of Billionaires,Minimum Wage,Median Wage/Wk,Median Wage/Month,Median Income/Yr,MedianWage/HR,Top 1% Income,Top 5% Income,Gender Pay Gap,Top5%/Median Wage,Top5%/Minimum Wage,Top1%/Median Wage,Top1%/Minimum Wage,Top1%/Top5%,Number of Billionaires2,Median Rent,Median House Cost,MinWageHr/Home,MinWageHr/Rent,MedWageHr/Rent,MedIncomeYr/Home,Electricity Cost (Cents per kWh),Electricity Consumption,Average Electric Bill,#of Big Macs MinWage Wk,#of Big Macs MedWage Wk,Groceries Montly,Average Movie Ticket Price,Average Gas Price,Car Registration,Big Mac Price,Top Earner's Income Tax Rate,Effective Tax Rate,Income-Tax,Income-Tax/Rent,Income-Tax/Rent/Food/Power,#BigMacs/Income-Tax/Rent/Food/Power,#MovieTickets/Income-Tax/Rent/Food/Power,#Gallons/Income-Tax/Rent/Food/Power,Firearm Ownership,Violent Crime per 100k (2020),Prison Per 100K,Total Prison Population,Number of Police Officers,Police per 100k people,Police Shootings,Police Shootings Per 100k,2020 Homicide Rate,"Firearm Deaths Per 100,000",Deaths caused by DUI Per 100k,Life Expectancy 2019,2017 Hate Crimes per 100K,%Domestic Violence Against Women,%Domestic Violence Against Men,Death Penalty,"Number of
Participating
Agencies ","Population
Covered ","Total
Offenses",Arson,Bribery,"Burglary/
Breaking
& Entering","Counterfeiting/
Forgery","Destruction/
Damage/
Vandalism ",Embezzlement,"Extortion/
Blackmail","Fraud
Offenses","Larceny/
Theft
Offenses","Motor
Vehicle
Theft",Robbery,"Stolen
Property
Offenses",Offense Rate,Arson Rate,Bribery Rate,"Burglary/
Breaking
& Entering Rate","Counterfeiting/
Forgery Rate","Destruction/
Damage/
Vandalism  Rate",Embezzlement Rate,"Extortion/
Blackmail Rate","Fraud
Rate","Larceny/
Theft
 Rate","Motor
Vehicle
Theft Rate",Robbery Rate,"Stolen
Property
Rate",Global Entry Airports,Total Cars Registered,Cars registered per capita,Car Crash Death (Per 100k),Pedestrian Deaths per 100K,Road Quality Survey,Road Quality (Rural),Road Quality (Urban),Healthcare Male Uninsured %,Healthcare Female Uninsured %,Difference in %,Total Uninsured %,Drug Overdose Rate,Drug Overdose Deaths,Child/Teen Suicide Rate,Suicide Rate 2020,Suicide Deaths 2020,Infant Mortality (2019),Maternal Mortality (Per 100k),# Children in Foster Care 2019,# Children involved in Investigation,%Investigations Resulting in Foster Care,Foster Care Per 1000 People,Number of Abortions,Per 1k Women,Per 1k Live Births,Out of State Residents,Teen Pregnancy (Per 100k),SA Rate (Per 100k),Abortion Legality,After Roe and Casey,Additional Notes,Cultural Diversity,Trans Safety,LGBTQ+ Safety,Gender Affirming Medicaid,Require Reporting Stolen Weapons,Restrictive Assault Weapon Registration,Firearm Registration,Rating 1-5,College Readiness,Math Scores,Reading Scores,Preschool Enrollment,Literacy Rate,Spending Per Student,HS Graduation Rate,Childcare Costs Per Year,%Childcare of MedWage Year,Teachers Unions Rank,Internet Speed Mbps,Major League Soccer,National Hockey League,Major League Baseball,National Football League,National Basketball Association,United States Hockey League,American Hockey League,East Coast Hockey League,United Soccer League,Minor League Baseball,Indoor Football League,National Arena League (Football),Champions Indoor Football,All fast food restaurants,Full-service restaurants,Subway,Starbucks,McDonalds,Dunkin Donut,Burger King,Taco Bell,Dominos,Wendys,Dairy Queen,KFC,Pr0n Consumption,Recreational Marijuana,Medicinal Marijuana,National Parks,Population/National Park,State Parks,Population/State Park,Total Parks,Population/Parks,Park per 500 Miles,Number of Religious Congregations,Population to Religious Congregations,Congregations per 100 Sq Miles,Number of Roller Coasters,CoastersPerMillionPeople,Overall Preparedness,Extreme Heat,Drought,Wildfires,Inland Flooding,Coastal Flooding,% Food Insecure Adults,%Food Insecure Children,Obesity Rate,Unemployment Rate,Divorce Rate,International Immigration,Internation Immigration per 100k,Food Stamp,Poverty Rate,Alcohol Consumption per Capita (Gallons),Corporate Home Ownership,Private Home Ownership 2021,Home Vacancy Rate,Corporate Ownership Vs Vacancy Rate,Air Quality,Water Quality,Average Humidity,Superfund Cleanup 2016,Superfund Cleanup Per 1k Miles,Average Temperature,Wind Power Produced (Billion KWh),Wind KWh per Person,Wind KHw per Sq Mile,NUCLEAR (%),COAL (%),NATURAL GAS (%),PETROLEUM (%),HYDRO (%),GEOTHERMAL (%),SOLAR - PV (%),WIND (%),BIOMASS AND OTHER (%),Defense Spending (2015),%of State GDP (2015),State GDP Q4 2021,GDP Per Capita,$Donated From Gun Rights Activists,$Donated From Private Prisons,$Donated From Big Oil,$Donated From Planned Parenthood,For Profit Education,Non-Profit Institutions,Private Equity Investors,Pharmaceutical Manufacturers,TOTAL GERRYMANDERING,"Threat 1: Can
politicians control
how election
maps are drawn?","Threat 2: Can
election maps be
drawn in secret?","Threat 3: Can
election maps
be rigged for
partisan gain?","Threat 4: Are the
legal standards
weak?","Threat 5: Are
rigged election
maps hard to
challenge in
court?",House Seats,Electoral College Votes,Population per House Seat,House Seat Based on Population,Difference,Population per Senator,Population per Electoral Vote,Population to Average Congressional Representation,Governor,Governor Affiliation,House Affiliation,Senator Affiliation,Voted Biden,Voted Trump
Alaska,AK,570641,732673,0.003214025,1.28394735,0,10.34,1311,5681,68172,32.775,486671,230260,0.138,3.377633046,10.70618212,7.138869331,22.62828262,2.113571615,0,1203,337222,32613.34623,116.344294,36.70480549,4.946634982,22.57,552,124.66,84.92813142,269.1991786,483.24,10.83,4.609,24.25,4.87,0,0.046,5419.674,4216.674,3608.774,741.0213552,333.2201293,782.9841614,0.645,837.8,247,1782,1330,181.5270933,69,9.417571004,7.3,23.5,3.1,77.7,0.54,43.3,30.2,0,30,402557,7301,59,2,786,122,2199,22,34,602,2761,611,72,31,1813.656203,14.65630954,0.496824052,195.2518525,30.30626719,546.2580454,5.465064575,8.446008888,149.5440397,685.8656041,151.779748,17.88566588,7.70077281,Yes,792826,0.924128371,9.2,0.82,8.61,0.15,0.08,0.167,0.141,0.026,0.154,22,160,16,27.5,204,6.99,12.4,1491,14429,0.103333564,2.035014256,1255,8.6,120,9,18.3,151,40,Protected,,11,45,34,NO,NO,3,State laws neither require nor prohibit firearms registries.,2,37,43,49,33,0.908,17726,0.93,12120,0.177785601,15,88,No,No,No,No,No,No,No,No,No,No,No,No,No,61.9,78.7,7.2,6.6,4.2,0.3,1.1,2.1,1.4,1.2,0.7,0.8,106,Fully Legal,TRUE,8,91584.125,119,6156.915966,127,5769.07874,0.111278369,1246,588.0200642,0.218350942,0,0,B+,A,N/A,N/A,N/A,B-,11.7,18.1,33.5,4.6,3.7,659,0.9,0.1169,0.1067,2.85,0.02,0.639,0.0845,-0.0645,28,50,0.771,6,95.10683333,26.6,0.127,173.3379011,222.5567388,0,13.7,41,14.9,27.7,0,0,2.1,0.6,$3.3 billion,0.061,50720600000,69226.79012,146262,2500,254103,0,0,53382,254018,9245,4,HIGH,MOD,HIGH,MOD,LOW,1,3,732673,0.962228125,0.037771875,366336.5,244224.3333,549504.75,Mike Dunleavy,Republican,N/A,0,0.428,0.528
Alabama,AL,50750,5039877,0.005002134,99.30792118,0,7.25,1153,4996.333333,59956,28.825,432330,193273,0.242,3.223580626,12.81651194,7.210787911,28.66909814,2.236887718,0,800,216108,29808,110.3448276,27.75368604,3.604443258,12.57,1145,143.95,72.68170426,288.9724311,397.39,9.84,5.51,100,3.99,0.05,0.098,4506.692667,3706.692667,3165.352667,793.3214703,321.6821816,574.4741682,0.555,453.6,416,20595,11209,222.4062214,28,0.555569114,14.2,23.6,5.5,75.2,0.31,37.5,29.5,1,356,3734077,122274,456,11,12491,2483,27112,124,122,10712,55804,9902,1481,1576,3274.544151,12.21185316,0.294584177,334.5137232,66.49568287,726.0696552,3.320767086,3.267206327,286.8714277,1494.45231,265.1793201,39.66174238,42.20587845,No,5320340,0.94728476,19,2.43,6.28,0.02,0.07,0.141,0.113,0.028,0.127,22.3,1029,27.5,16,793,5.07,36.4,3914,39306,0.099577673,0.776606254,6063,6.4,103,840,25.6,42,20 weeks,Not Protected,Potentially Affected by Roe/Casey Reversal ,28,47,44,NO,NO,3,State laws neither require nor prohibit firearms registries.,2,44,49,48,38,0.852,9696,0.86,6001,0.100090066,20,99.7,No,No,No,No,No,No,No,No,Yes,Yes,No,No,No,81.7,57.6,8.2,1.8,5,0.9,3.5,2.8,2.5,2,1.3,1.8,96,Fully Illegal,NOT TRUE,0,N/A,22,229085.3182,22,229085.3182,0.216748768,10514,479.3491535,20.71724138,1,0.198417541,D-,D+,C-,F,N/A,F,15,22.9,39.9,2.6,3.2,2772,0.57,0.1476,0.1608,1.99,0.18,0.725,0.1275,0.0525,42,2,0.716,13,3.903846154,62.8,0,0,0,32.2,18.8,37.6,0,8.8,0,0.3,0,2.2,$12.2 billion,0.059,2.08E+11,41238.14926,258514,0,3900,0,0,0,0,0,5,HIGH,HIGH,HIGH,HIGH,MOD,7,9,719982.4286,6.618930131,0.381069869,2519938.5,559986.3333,1619960.464,Kay Ivey,Republican,1.142857143,0,0.366,0.62
Arkansas,AR,52075,3025891,0.003231367,58.10640422,5,11,1064,4610.666667,55328,26.6,411633,183945,0.205,3.324627675,8.039554196,7.439867698,17.9909528,2.237804779,5,760,188040,17094.54545,69.09090909,28.57142857,3.398640833,10.41,1060,110.33,111.3924051,269.3670886,282.46,10.42,5.264,8,3.95,0.059,0.102,4140.378667,3380.378667,2987.588667,756.3515612,286.7167626,567.5510385,0.572,671.9,582,17713,24948,824.4844246,35,1.156684097,13,22.6,4.7,75.7,0.25,40.8,34.8,1,285,2916168,123785,557,2,14101,3056,27186,88,59,12169,54687,8110,1272,2498,4244.782879,19.10040848,0.068583154,483.5455296,104.7950598,932.2508168,3.017658791,2.023203053,417.2942025,1875.30348,278.1046908,43.61888615,85.66035976,No,2913369,1.038622639,16.7,2.02,7.37,0.04,0.13,0.149,0.097,0.052,0.122,19.1,546,17.6,19,583,5.19,37.5,3008,57306,0.052490141,0.994087361,3249,5.6,87,372,30,77,20 weeks,Banned,Affected by Roe/Casey Reversal ,29,32,26,NO,NO,3,State laws neither require nor prohibit firearms registries.,2,45,43,37,19,0.863,10139,0.87,6890,0.124530075,48,82.3,No,No,No,No,No,No,No,No,No,Yes,No,No,No,69.9,67.6,8.4,2,5.7,0.3,2.7,3.5,2.2,2.1,1,2,77,Mixed,TRUE,1,3025891,52,58190.21154,53,57092.28302,0.508881421,6697,451.8278334,12.86029765,3,0.991443512,F,D,F,F,F,N/A,15.2,23.2,38.7,3.4,2.9,268,0.09,0.116,0.1631,1.78,0.12,0.637,0.1769,-0.0569,22,28,0.709,9,5.786111111,60.4,0,0,0,22.5,35.6,32.1,0.1,7.3,0,0.8,0,1.7,$1.4 billion,0.012,1.22E+11,40409.71734,2053566,2500,140244,0,0,0,227383,30753,5,HIGH,HIGH,HIGH,HIGH,MOD,4,6,756472.75,3.973938474,0.026061526,1512945.5,504315.1667,1134709.125,Asa Hutchinson,Republican,1,0,0.348,0.624
Arizona,AZ,113642,7276316,0.011290516,64.02840499,11,12.8,1281,5551,66612,32.025,503408,216972,0.149,3.257250946,8.149489183,7.557317,18.90805288,2.320151909,11,1149,428120,33446.875,89.765625,35.87822014,6.427070198,12.27,1114,136.7,115.5756208,289.1647856,302.8,9.58,4.494,17,4.43,0.08,0.095,5023.655,3874.655,3435.155,775.4300226,358.5756785,764.3869604,0.463,654.8,536,40951,62962,865.3005175,37,0.508499081,7.5,16.7,4,78.8,3.91,42.6,33.4,1,79,3949562,104648,413,11,8763,1231,22229,261,256,14733,48802,5818,1129,1002,2649.610261,10.45685572,0.278511896,221.8727039,31.16801306,562.8219028,6.608327708,6.481731392,373.0287055,1235.630685,147.3074736,28.58544821,25.36990178,Yes,6053781,1.201945693,13.5,2.91,7.81,0.04,0.12,0.163,0.145,0.018,0.154,35.8,2550,19,17.6,1363,7.38,27.3,9492,82307,0.115324335,1.304506291,12533,9.3,153,125,18.5,48,Viability,Banned,Affected by Roe/Casey Reversal ,9,34,28,NO,NO,3,State laws neither require nor prohibit firearms registries.,2,47,27,37,42,0.869,8239,0.87,10948,0.164354771,51,98.8,No,Yes,Yes,Yes,Yes,No,Yes,No,Yes,No,Yes,No,No,67.9,59.2,5.6,7.3,3.9,1.3,2.5,2.5,1.6,1.4,1.5,0.8,140,Fully Legal,TRUE,3,2425438.667,36,202119.8889,39,186572.2051,0.171591489,4673,1557.097368,4.112036043,0,0,C-,C+,D+,D-,N/A,N/A,14.4,22.4,31.3,3.5,3.6,7782,1.07,0.1112,0.1366,2.25,0.14,0.645,0.1015,0.0385,50,31,0.385,9,12.62688889,60.3,1.6,219.8914945,14079.30167,29.1,13.2,44.4,0,5.4,0,6.2,1.5,0.2,$10.0 billion,0.034,3.44E+11,47268.89266,0,0,272567,9999,0,206592,699843,97943,1,LOW,LOW,LOW,LOW,HIGH,9,11,808479.5556,9.556071947,-0.556071947,3638158,661483.2727,2223318.778,Doug Ducey,Republican,1.555555556,1,0.494,0.491
California,CA,155973,39237836,0.005968716,251.5681304,189,15,1804,7817.333333,93808,45.1,745314,291277,0.145,3.105033686,9.335801282,7.945100631,23.88826923,2.558780817,189,1661,765495,51033,110.7333333,36.82926829,8.160231537,20.45,572,116.94,117.4168297,353.0332681,370.96,15.22,6.403,86,5.11,0.133,0.135,6761.993333,5100.993333,4613.093333,902.7579909,303.0941743,720.4581186,0.283,442,309,122417,1622,4.133765175,27,0.068811134,6.1,8.5,2.8,80.9,2.77,34.9,31.1,1,15,2861998,81313,407,2,7103,960,14837,225,148,7873,34122,11272,2300,2064,2841.127073,14.22083454,0.069881251,248.1832622,33.54300038,518.414059,7.861640714,5.171212558,275.0875437,1192.24402,393.8507295,80.36343841,72.11745082,Yes,30398249,1.290792637,9.1,2.46,6.66,0.04,0.39,0.114,0.087,0.027,0.101,21.8,8908,10,10,4144,3.92,4,27357,343126,0.079728729,0.697209703,n/a,n/a,n/a,n/a,12.4,37,Viability,Protected,,1,1,1,YES,YES,1,All .50 caliber rifles and firearms defined by California law as assault weapons must be registered.,4,33,38,37,16,0.769,12498,0.83,16945,0.180634914,6,131,Yes,Yes,Yes,Yes,Yes,No,Yes,No,Yes,Yes,Yes,No,No,82.3,80.4,5.7,7.4,3.2,0.3,1.4,2.1,1.4,0.7,0.2,1.1,144,Fully Legal,TRUE,9,4359759.556,270,145325.3185,279,140637.405,0.894385567,23558,1665.584345,15.10389619,51,1.299765869,A,A,A,A,A-,A,11.8,18.9,27.6,4.1,,74028,1.87,0.1008,0.1298,2.49,0.09,0.637,0.104,-0.014,49,15,0.61,97,1.607969072,59.4,15.626,398.238068,100184.0062,8.4,0.1,49,0,7.2,5.8,17.4,7.9,4,$49.3 billion,0.021,2.95E+12,75082.30576,0,0,4080,0,0,78100,69452,8737,1,LOW,LOW,LOW,LOW,LOW,53,55,740336.5283,51.53151456,1.468485445,19618918,713415.2,10179627.26,Gavin Newsom,Democratic,1.79245283,1,0.635,0.343
Colorado,CO,103730,5812069,0.013901278,56.03074328,8,12.56,1484,6430.666667,77168,37.1,632277,264313,0.166,3.42516328,10.11732147,8.193512855,24.20217571,2.392152486,8,1401,575013,45781.28981,111.544586,37.76280323,7.451443604,12.36,711,87.88,109.4553377,323.3115468,326.92,10.8,4.798,0,4.59,0.0455,0.097,5806.892,4405.892,3991.092,869.5189542,369.5455556,831.8240934,0.451,423.1,332,19785,5697,98.02017147,49,0.843073267,5.8,15.4,3.2,80,1.9,36.8,30.5,1,235,5766585,295735,1341,113,22988,3037,55838,329,887,41910,120385,40851,4310,3746,5128.425229,23.25466459,1.959565323,398.6414837,52.66548573,968.3027303,5.70528311,15.38172072,726.7732982,2087.630721,708.4088763,74.74094286,64.96045753,Yes,5350708,1.08622429,10.3,1.27,6.65,0.05,0.18,0.153,0.116,0.037,0.135,24.9,1492,21.5,21.5,1302,4.8,11.5,4283,45829,0.093456109,0.736914858,8873,7.8,138,978,13.9,65,40,Protected,,18,5,10,YES,NO,4,Firearms registries are prohibited.,1,6,16,6,12,0.901,10202,0.92,15325,0.198592681,35,125,Yes,Yes,Yes,Yes,Yes,No,Yes,No,Yes,No,No,No,No,75.7,88.2,6.7,8.8,3.6,0.8,2,2.6,2.3,2.3,1.5,1.2,159,Fully Legal,TRUE,4,1453017.25,43,135164.3953,47,123661.0426,0.226549696,4188,1387.79107,4.037404801,9,1.548501919,B,B+,B+,N/A,N/A,N/A,10.1,14.9,25.1,3.4,2.9,10523,1.83,0.0774,0.0949,2.88,0.14,0.636,0.0946,0.0454,43,29,0.541,19,5.459473684,45.1,15.029,2585.826149,144885.7611,0,41.6,25.5,0,2.8,0,3.1,26.5,0.4,$8.7 billion,0.028,3.73E+11,64193.55999,0,0,55226,0,1416,285,390590,185,1,LOW,LOW,LOW,LOW,MOD,7,9,830295.5714,7.633059027,-0.633059027,2906034.5,645785.4444,1868165.036,Jared Polis,Democratic,1.571428571,0.5,0.554,0.419
Connecticut,CT,4845,3605597,0.000887497,744.1892673,14,13,1611,6981,83772,40.275,896490,311589,0.198,3.719488612,11.52326183,10.70154706,33.15421598,2.877155484,14,1217,359995,27691.92308,93.61538462,30.21725636,4.297318913,22.71,711,161.55,105.0505051,325.4545455,343.3,10.89,4.955,88,4.95,0.0699,0.154,5905.926,4688.926,4184.076,845.2678788,384.2126722,844.4149344,0.236,181.6,247,8751,2467,68.4214015,6,0.166407949,4.6,6,3.4,80.3,3.09,37.7,33.9,0,107,3605597,84370,163,5,5100,1120,16425,191,183,8528,41977,7407,1930,1341,2339.973103,4.520749268,0.13867329,141.4467563,31.06281706,455.5417591,5.297319695,5.07544243,236.5211642,1164.217743,205.4306125,53.52789011,37.1921765,Yes,2867554,1.257377193,7,1.51,7,0.06,0.15,0.085,0.056,0.029,0.07,39.1,1371,9.3,9.3,364,4.33,10.5,2010,18665,0.107688186,0.557466628,9584,14.2,272,268,7.7,22,Viability,Protected,,15,8,13,YES,YES,1,All firearms defined by Connecticut law as assault weapons and all magazines defined by Connecticut law as high capacity magazines must be registered.,3,1,9,2,3,0.914,20635,0.91,15591,0.186112305,17,112.6,No,No,No,No,No,No,Yes,No,Yes,Yes,No,No,No,76.1,97.1,8.1,3.4,4,14.4,1.8,1.4,1.5,1.5,1.1,1,122,Mixed,TRUE,0,N/A,109,33078.87156,109,33078.87156,11.24871001,2597,1388.370042,53.60165119,5,1.386732904,A-,A,N/A,N/A,A-,B,10.1,15.1,30.4,4.1,1.6,12323,3.46,0.1021,0.097,2.4,0.1,0.661,0.1071,-0.0071,25,37,0.692,14,0.346071429,49,0.013,3.605505552,2683.178535,39,0.6,55.6,0.2,0.7,0,0.7,0,3.2,$9.7 billion,0.038,2.51E+11,69633.54474,0,0,7350,0,0,14045,169503,9882,4,MOD,HIGH,MOD,HIGH,MOD,5,7,721119.4,4.735273227,0.264726773,1802798.5,515085.2857,1261958.95,Ned Lamont,Democratic,2,1,0.592,0.392
Delaware,DE,1955,1003384,0.009803326,513.2398977,0,10.5,1337,5793.666667,69524,33.425,480472,222092,0.181,3.194465221,10.16904762,6.910879696,21.9996337,2.163391748,0,1133,362978,34569.33333,107.9047619,33.89678384,5.220902135,12.56,932,117.09,90.71274298,288.7688985,380.39,12.33,5.171,40,4.63,0.066,0.124,5075.252,3942.252,3444.772,744.0112311,279.3813463,666.1713402,0.344,431.9,415,4141,13082,1303.787981,18,1.793929343,9.9,14.4,3.3,78.1,3.01,37.6,32.7,0,62,1003384,40185,155,5,2371,389,9217,116,64,9756,15395,1609,570,538,4004.947258,15.4477249,0.498313706,236.3003596,38.76880636,918.5914864,11.56087799,6.378415442,972.309704,1534.307902,160.3573507,56.80776253,53.61855481,No,1006135,0.997265774,13.6,3.29,6.88,0.01,0.11,0.143,0.084,0.059,0.112,47.3,444,12.3,12.3,124,5.1,0.4,297,12362,0.024025239,0.295998342,1890,10.5,174,223,14.9,31,Viability,Protected,Affected by Roe/Casey Reversal ,17,14,19,NO,YES,4,Firearms registries are prohibited.,1,18,37,36,10,0.893,15639,0.9,11021,0.158520799,19,145.8,No,No,No,No,No,No,No,No,No,No,No,No,No,78.3,85.5,2.5,3.6,3.7,7.1,2.1,1.5,2.7,1.2,1.5,1.1,129,Mixed,TRUE,0,N/A,16,62711.5,16,62711.5,4.092071611,831,1207.441637,42.50639386,0,0,B+,B+,N/A,N/A,B+,B+,10.5,21.6,33.9,4.5,2.3,73,0.07,0.1295,0.1096,3.52,0.12,0.727,0.1626,-0.0426,36,12,0.709,13,0.150384615,55.3,0.005,4.983137064,2557.544757,0,6.8,85.8,0.5,0,0,1.5,0.1,5.3,$676.8 million,0.01,65872900000,65650.7379,0,0,8005,2500,0,0,149560,57000,5,HIGH,HIGH,HIGH,MOD,HIGH,1,3,1003384,1.317756086,-0.317756086,501692,334461.3333,752538,John Carney,Democratic,2,1,0.587,0.398
Florida,FL,53997,21781128,0.01368286,403.376632,1,10,1297,5620.333333,67444,32.425,623736,223179,0.152,3.309100884,10.72975962,9.248205919,29.98730769,2.794779079,60,1270,406876,40687.6,127,39.16730918,6.03279758,11.27,1142,128.64,89.48545861,290.1565996,364.25,11.07,4.769,225,4.47,0,0.091,5108.883,3838.883,3345.993,748.5442953,302.2577236,701.6131264,0.353,383.6,433,96009,2313,10.61928473,23,0.105596,7.8,13.7,4,79,0.71,37.4,29.3,1,2,,969,0,0,22,6,99,6,0,78,662,50,24,22,,,,,,,,,,,,,26.26669652,Yes,18464506,1.179621486,14.8,1.28,5.73,0.01,0.05,0.052,0.03,0.022,0.041,35,7231,13.2,13.2,3135,5.8,22.3,14632,285034,0.051334227,0.671774207,3624,19.4,379,2320,16.2,38,24 weeks,Banned,Affected by Roe/Casey Reversal ,6,31,31,NO,NO,4,Firearms registries are prohibited.,1,16,34,22,11,0.803,9346,0.88,9238,0.136972896,33,127.79,Yes,Yes,Yes,Yes,Yes,No,No,Yes,Yes,Yes,No,Yes,No,65.5,78.9,6,3.6,4.2,4.1,2.7,2.1,1.9,2.5,0.7,1.2,127,Mixed,TRUE,3,7260376,191,114037.3194,194,112273.8557,1.796396096,15611,1395.242329,28.91086542,28,1.285516526,C-,D,B+,B+,D-,F,10.1,15.8,,2.7,3,88678,4.13,0.1301,0.1294,2.61,0.16,0.681,0.1488,0.0112,15,8,0.745,53,1.018811321,70.7,0,0,0,11.5,7.5,73.9,0.5,0.1,0,3.7,0,2.8,$6.8 billion,0.057,1.03E+12,47488.92711,3303355,83550,191667,0,15485,142278,541348,115289,4,HIGH,HIGH,HIGH,LOW,LOW,27,29,806708.4444,28.60541327,-1.605413269,10890564,751073.3793,5848636.222,Ron DeSantis,Republican,1.407407407,0,0.479,0.512
Georgia,GA,57919,10799566,0.010101058,186.4598146,60,7.25,1292,5598.666667,67184,32.3,543748,225232,0.175,3.352464873,14.93580902,8.093415099,36.05755968,2.414168502,12,1080,323935,44680.68966,148.9655172,33.43653251,4.821609312,12.02,1081,129.92,69.87951807,311.3253012,397.97,11.47,4.407,20,4.15,0.0575,0.089,5100.385333,4020.385333,3492.495333,841.5651406,304.489567,792.4881628,0.492,400.1,495,54113,54353,503.2887433,27,0.250010047,10.5,17.7,3.5,77.4,0.3,33,30.4,1,447,8709490,243173,688,26,18452,5436,43926,451,331,33582,114819,17985,4053,3424,2792.046377,7.899429243,0.298524942,211.8608552,62.4146764,504.3464083,5.178259577,3.80045215,385.5794082,1318.320591,206.498888,46.53544582,,Yes,8829596,1.223109868,14,3.32,5.81,0.01,0.05,0.188,0.159,0.029,0.173,18,1916,13.7,13.7,1491,6.28,48.4,6390,157652,0.040532312,0.591690444,69102,18.1,309,2771,19.7,27,20 weeks,Banned,Affected by Roe/Casey Reversal ,13,37,48,NO,NO,4,Firearms registries are prohibited.,1,21,34,30,13,0.833,10810,0.87,8520,0.126815909,50,128,Yes,No,Yes,Yes,Yes,No,No,Yes,Yes,Yes,No,Yes,No,82.5,69.4,7.1,3.6,4.2,2.2,2.6,2.3,2.1,2.7,2,1.5,145,Mixed,NOT TRUE,0,N/A,63,171421.6825,63,171421.6825,0.543862981,12292,878.5849333,21.22274211,15,1.388944704,C-,C-,C+,B-,C-,D+,12.9,20.6,33.9,2.8,1.9,15053,1.42,0.1244,0.1398,1.9,0.19,0.656,0.158,0.032,40,6,0.711,16,3.6199375,63.5,0,0,0,26.8,15.1,46.3,0.2,3.2,0,3.8,0,4.6,$17.6 billion,0.02,5.81E+11,53763.90125,0,0,61281,16272,0,270855,191884,47093,5,HIGH,HIGH,HIGH,HIGH,HIGH,14,16,771397.5714,14.18319788,-0.183197884,5399783,674972.875,3085590.286,Brian Kemp,Republican,1.428571429,1,0.495,0.492
Hawaii,HI,6423,1441553,0.006771437,224.4360891,12,10.1,1229,5325.666667,63908,30.725,453471,212622,0.211,3.327001314,10.12100152,7.095684421,21.58563404,2.132756723,2,1704,908490,89949.50495,168.7128713,55.45972335,14.21559116,30.28,537,162.66,76.08286252,231.4500942,556.76,12.63,5.499,45,5.31,0.11,0.141,4574.747667,2870.747667,2151.327667,405.1464532,170.3347321,391.2216161,0.149,254.2,217,3037,19331,1340.984341,26,1.803610412,3.3,3.4,3,80.9,No data,41.5,24.1,0,2,1059012,35378,325,2,3463,395,1053,29,113,4170,20064,4286,734,744,3340.660918,30.68898181,0.188855273,327.0029046,37.29891635,99.43230105,2.738401453,10.6703229,393.7632435,1894.596095,404.7168493,69.30988506,39.31343856,Yes,1256140,1.147605362,7.6,2.22,7.33,0.24,0.32,0.226,0.175,0.051,0.2,18.3,274,12.9,12.9,184,4.88,12.9,1206,4374,0.275720165,0.836597753,31991,14.9,248,4780,15.7,55,Viability,Protected,,3,12,15,NO,,,All firearms must be registered.,5,10,42,41,9,0.841,15242,0.92,13731,0.21485573,45,90.2,No,No,No,No,No,No,No,No,No,No,No,No,No,97.5,89.9,7,6.4,5.2,0.8,2,2.1,1.6,0.7,0.5,1.1,149,Mixed,TRUE,2,720776.5,50,28831.06,52,27722.17308,4.04795267,1314,1097.072298,20.45773003,0,0,D-,F,N/A,N/A,N/A,D-,13.6,21.2,25,4.1,,5014,3.54,0.1089,0.0932,2.66,0.12,0.602,0.1588,-0.0388,2,1,0.733,3,2.141,70,0.674,467.5513145,104935.3884,0,11.8,0,65.4,1.2,1.8,5.7,7.3,6.8,$12.6 billion,0.026,75981600000,52708.15572,0,1000,5900,0,0,5830,10300,13500,1,LOW,LOW,LOW,L^{†} / M*,LOW,2,4,720776.5,1.893208621,0.106791379,720776.5,360388.25,720776.5,David Ige,Democratic,2,1,0.637,0.343
Iowa,IA,55875,3193079,0.004629763,57.14682774,3,7.25,1157,5013.666667,60164,28.925,441223,202268,0.203,3.36194402,13.41299735,7.333671298,29.25881963,2.181378172,1,785,199882,27569.93103,108.2758621,27.13915298,3.322285752,12.46,865,107.78,71.25307125,284.2751843,347.05,10.23,5.238,196,4.07,0.0853,0.112,4452.136,3667.136,3212.306,789.2643735,314.0084066,613.2695685,0.436,303.5,292,9260,19830,621.0306729,14,0.438448281,3.6,11.2,2.8,79,0.35,45.3,29.3,0,205,2927835,74513,327,72,7659,2565,15845,189,87,7832,32882,5799,681,575,2544.986312,11.16866217,2.459154973,261.5926102,87.60739591,541.1848687,6.455281804,2.971478926,267.5014132,1123.082414,198.0644401,23.25950745,26.73488461,No,3787224,0.843118601,10.6,1.08,8,0.05,0.19,0.096,0.067,0.029,0.082,14.3,432,23.2,18,552,5.06,18.3,3718,38235,0.097240748,1.164393365,7778,6,95,604,14.1,4,20 weeks,Not Protected,,46,11,11,NO,NO,3,State laws neither require nor prohibit firearms registries.,2,40,23,30,26,0.925,11732,0.92,10379,0.172511801,31,85,No,No,No,No,No,Yes,Yes,Yes,Yes,Yes,Yes,No,Yes,67.7,79.1,8.9,3.7,4.6,1,2.6,1.7,1.3,1.3,3.3,1.3,194,Mixed,NOT TRUE,0,N/A,71,44972.94366,71,44972.94366,0.635346756,5107,625.2357548,9.140044743,6,1.879064063,C+,C,C+,N/A,C,N/A,11.7,17.7,36.4,2.6,3.4,2663,0.84,0.099,0.1097,2.39,0.1,0.704,0.2268,-0.1268,21,27,0.724,11,5.079545455,47.8,36.578,11455.40088,654639.821,0,33.5,9,0.1,1.4,0,0.3,55.3,0.3,$3.9 billion,0.012,1.80E+11,56386.95441,3355730,2500,72810,0,0,20139,1120180,6750,2,MOD,LOW,MOD,MOD,LOW,4,6,798269.75,4.193508454,-0.193508454,1596539.5,532179.8333,1197404.625,Kim Reynolds,Republican,1.25,0,0.449,0.531
Idaho,ID,82751,1900923,0.016102803,22.97160155,2,7.25,1111,4814.333333,57772,27.775,462352,197850,0.253,3.42466939,13.12002653,8.003046458,30.65994695,2.336881476,1,923,467694,64509.51724,127.3103448,33.23132313,8.095513397,9.95,955,95.04,68.55791962,262.6477541,281.12,10.52,4.704,0,4.23,0.0692,0.107,4299.199667,3376.199667,3000.039667,709.2292356,285.1748733,637.7635346,0.601,242.6,452,8571,6119,321.8962578,37,1.946422869,2.5,17.6,3.5,79.5,3.12,42.5,38.2,1,110,1889225,31407,140,3,2811,627,6959,118,90,5252,13226,1618,156,407,1662.427715,7.410446082,0.158795273,148.791171,33.1882121,368.3521021,6.245947412,4.763858196,277.9975916,700.0754278,85.64358401,8.257354206,70.25416143,No,1917677,0.991263388,12.5,2.54,7.44,0.02,0.11,0.062,0.05,0.012,0.056,15.9,287,10.5,23.2,419,5.5,23.8,1305,13384,0.097504483,0.686508607,2249,8.5,128,25,14.9,43,Viability,Banned,Affected by Roe/Casey Reversal ,35,44,25,NO,NO,4,Firearms registries are prohibited.,1,5,9,10,48,0.895,7771,0.91,7474,0.129370629,1,75.1,No,No,No,No,No,No,No,Yes,No,No,No,No,No,65.5,74.4,6.9,4.3,3.5,0,2,1.8,2.4,1.7,1.3,0.8,80,Fully Illegal,NOT TRUE,1,1900923,32,59403.84375,33,57603.72727,0.199393361,2427,783.2398022,2.932895071,4,2.10424094,D+,D-,C,C+,N/A,N/A,10.4,16,31.6,2.7,1.6,167,0.09,0.0817,0.1167,2.94,0.08,0.702,0.0787,0.0013,9,42,0.624,6,13.79183333,44.4,2.657,1397.742044,32108.37331,0,0.1,26,0,51,0.5,3.3,15.7,3.3,$7.8 billion,0.098,79082900000,41602.36895,77052,5000,158648,0,0,16086,2575,43300,1,LOW,LOW,LOW,MOD,MOD,2,4,950461.5,2.496504681,-0.496504681,950461.5,475230.75,950461.5,Brad Little,Republican,1,0,0.331,0.638
Illinois,IL,55593,12671469,-0.000141346,227.9328153,1,12,1473,6383,76596,36.825,627329,250266,0.181,3.267350775,10.02668269,8.190101311,25.1333734,2.506648926,17,1065,267321,22276.75,88.75,28.92057026,3.490012533,13.04,721,93.98,105.4945055,323.7362637,327.31,10.57,5.063,69,4.55,0.0496,0.129,5559.593,4494.593,4073.303,895.2314286,385.3645222,804.5236026,0.278,425.9,306,38259,4936,38.95365249,11,0.086809193,11.2,14.1,2.7,79,0.67,35.3,25.9,0,328,7845636,156781,541,6,11465,1849,42370,67,171,24685,57784,11430,5955,458,1998.321105,6.895553146,0.076475636,146.1321937,23.56724171,540.0454469,0.853977931,2.179555615,314.6335109,736.5113548,145.6860859,75.90206836,21.5432254,Yes,10587725,1.196807529,8,0.67,6.3,0.06,0.21,0.192,0.148,0.044,0.17,28.1,3549,15,10.5,1362,6.75,14.7,6614,151407,0.043683581,0.521960003,1285,3.9,58,50,14.6,49,Viability,Protected,,12,6,5,YES,YES,3,State laws neither require nor prohibit firearms registries.,2,2,22,13,8,0.871,15741,0.89,13802,0.180192177,36,122.8,Yes,Yes,Yes,Yes,Yes,Yes,Yes,No,No,Yes,Yes,No,No,82.5,77.7,7.8,4.8,5.2,5.5,2.4,2.1,1.6,1.6,2,1.2,161,Fully Legal,TRUE,0,N/A,142,89235.69718,142,89235.69718,1.277139208,12453,1017.543483,22.4003022,15,1.183761725,D,D+,D,N/A,D-,N/A,12.1,16.5,34.2,4.5,,19209,1.52,0.14,0.1244,2.39,0.1,0.678,0.0809,0.0191,47,21,0.709,44,1.263477273,51.8,18.69,1474.967109,336193.4056,53.3,23.9,11.6,0,0.1,0,0.3,10.3,0.5,$643.3 million,0.01,7.85E+11,61945.85647,0,0,16688,2500,0,10015,57725,17527,5,HIGH,L^{†} / H*,HIGH,L^{†} / H*,HIGH,18,20,703970.5,16.64159026,1.358409745,6335734.5,633573.45,3519852.5,J. B. Pritzker,Democratic,1.722222222,1,0.575,0.406
Indiana,IN,35870,6805985,0.004558864,189.7403122,17,7.25,1153,4996.333333,59956,28.825,437567,192928,0.211,3.217826406,12.79363395,7.298135299,29.01637931,2.268032634,3,850,227679,31404,117.2413793,29.48829141,3.797434786,12.83,938,120.34,70.55961071,280.5352798,318.03,10.76,5.55,101,4.11,0.0323,0.093,4531.674333,3681.674333,3243.304333,789.1251419,301.4223358,584.3791592,0.448,357.7,394,26969,8085,118.792504,21,0.308551958,9.7,17.3,3.3,77,2.4,33.9,27.9,1,190,5229123,123469,720,19,11661,1800,10585,487,141,16032,65136,12585,2905,1398,2361.179877,13.76903928,0.363349648,223.0010654,34.42259821,202.4240011,9.313225181,2.696436859,306.590608,1245.639087,240.6713325,55.55424877,5.837640186,Yes,6199901,1.097757045,12,1.37,6.5,0.03,0.08,0.097,0.088,0.009,0.093,36.7,2321,18,15,1024,4.43,43.6,9032,147759,0.061126564,1.32706728,39329,15.5,263,5528,20.3,36,20 weeks,Not Protected,Potentially Affected by Roe/Casey Reversal ,37,28,28,NO,NO,3,State laws neither require nor prohibit firearms registries.,2,13,9,10,43,0.92,10262,0.89,12612,0.21035426,8,110.5,No,No,No,Yes,Yes,No,No,Yes,Yes,Yes,No,No,No,73.7,69.7,8.9,3.9,5.2,1.3,2.9,3.5,1.7,2.7,3.1,1.8,101,Mixed,NOT TRUE,1,6805985,34,200176.0294,35,194456.7143,0.487872874,9061,751.1295663,25.26066351,12,1.763154048,C-,C,C,N/A,C-,N/A,10.1,15.9,36.3,2.8,2.1,14379,2.14,0.0778,0.1269,2.15,0.13,0.747,0.1621,-0.0321,39,38,0.72,38,0.943947368,51.7,7.903,1161.18387,220323.39,0,57.7,29.5,0.1,0.3,0,0.7,8.4,3.3,$7.0 billion,0.009,3.57E+11,52494.69401,4147549,4700,122524,0,0,26332,298897,73235,5,HIGH,HIGH,HIGH,HIGH,HIGH,9,11,756220.5556,8.938380677,0.061619323,3402992.5,618725.9091,2079606.528,Eric Holcomb,Republican,1.222222222,0,0.41,0.57
Kansas,KS,81823,2934582,0.00293187,35.86500128,1,7.25,1132,4905.333333,58864,28.3,501009,213529,0.218,3.627497282,14.15974801,8.511297228,33.22340849,2.346327665,2,877,216078,29803.86207,120.9655172,30.98939929,3.670800489,12.85,883,113.52,71.25307125,278.1326781,261.35,10.13,4.595,39,4.07,0.057,0.112,4355.936,3478.936,3104.066,762.6697789,306.4230997,675.5312296,0.489,425,341,9965,5231,178.2536661,23,0.783757278,7,16.9,3.5,78.2,2.86,35.9,31.1,1,334,2614220,85034,433,6,6364,2457,22556,418,347,10446,34286,5681,645,1395,3252.74843,16.56325787,0.229513966,243.4378132,93.98596905,862.8195026,15.98947296,13.2735577,399.5838147,1311.519306,217.3114734,24.67275134,19.63908485,No,2603543,1.127149427,14.1,0.67,8.3,0.01,0.09,0.085,0.079,0.006,0.082,17.4,490,18.4,18.4,531,6.6,18.9,4146,32864,0.12615628,1.412807684,3269,5.5,85,434,19.2,49,20 weeks,Not Protected,Potentially Affected by Roe/Casey Reversal ,27,46,49,NO,NO,3,State laws neither require nor prohibit firearms registries.,2,42,23,22,20,0.922,11653,0.91,11222,0.190642838,27,101.8,Yes,No,Yes,Yes,No,No,No,Yes,No,Yes,No,No,Yes,74.7,75.4,8,4.1,5.1,1,2.3,3.2,1.5,2.4,2.2,1.3,121,Mixed,TRUE,0,N/A,26,112868.5385,26,112868.5385,0.158879533,4782,613.672522,5.844322501,0,0,D+,C+,C-,C-,D+,N/A,12.1,17.8,36,2.5,1.8,4104,1.41,0.0686,0.1157,1.92,0.13,0.689,0.0914,0.0386,11,33,0.657,12,6.818583333,54.3,25.625,8732.078368,313176.0019,15.1,34.2,5.1,0.2,0.1,0,0.1,45.2,0.1,$1.4 billion,0.008,1.63E+11,55631.73903,34718,5000,103298,0,0,25181,75619,29505,5,HIGH,HIGH,MOD,HIGH,MOD,4,6,733645.5,3.854021283,0.145978717,1467291,489097,1100468.25,Laura Kelly,Democratic,1.25,0,0.415,0.561
Kentucky,KY,39732,4509394,0.003771591,113.4952683,2,7.25,1110,4810,57720,27.75,412836,184217,0.214,3.191562717,12.21598143,7.152390852,27.37639257,2.241030958,3,795,206517,28485.10345,109.6551724,28.64864865,3.577910603,10.87,1073,116.62,71.96029777,275.4342432,315.2,8.52,4.793,25,4.03,0.05,0.096,4348.24,3553.24,3121.42,774.5459057,366.3638498,651.2455665,0.546,259.1,514,23082,7617,168.9140492,30,0.665277862,9.5,20.1,4.1,75.5,8.51,45.3,35.5,1,426,4505498,114954,418,42,12659,1962,20219,1103,111,9652,51527,11100,2238,3923,2551.41607,9.27755378,0.932194399,280.9678309,43.54679549,448.7628227,24.48120052,2.463656626,214.2271509,1143.647162,246.3656626,49.6726444,53.36199708,Yes,4459685,1.011146303,16.4,0.55,7.45,0.02,0.08,0.145,0.113,0.032,0.129,49.2,2083,17.7,17.7,801,6.43,22.9,6563,77501,0.084682778,1.455406203,6747,12.1,185,3376,24.9,35,20 weeks,0,Affected by Roe/Casey Reversal ,45,29,45,NO,NO,3,State laws neither require nor prohibit firearms registries.,2,31,36,22,45,0.878,11110,0.86,6411,0.111070686,32,94.5,No,No,No,No,No,No,No,No,Yes,Yes,No,No,No,74.2,63.2,8.5,3,5.6,0.9,2.3,3.3,2.1,3.2,3.1,2.3,106,Mixed,NOT TRUE,1,4509394,50,90187.88,51,88419.4902,0.64180006,7745,582.2329245,19.4931038,8,1.774074299,D,D+,D+,D+,F,N/A,12.3,19.1,40.3,3.8,3.1,765,0.17,0.1154,0.1665,1.95,0.14,0.698,0.1098,0.0302,33,11,0.703,13,3.056307692,55.6,0,0,0,0,70.7,21,0.1,7.5,0,0.1,0,0.6,$3.3 billion,0.023,1.97E+11,43674.53809,1387971,0,129736,0,78,23247,51737,39627,5,HIGH,HIGH,HIGH,HIGH,MOD,6,8,751565.6667,5.922240527,0.077759473,2254697,563674.25,1503131.333,Andy Beshear,Democratic,1.166666667,0,0.362,0.621
Louisiana,LA,43566,4624047,0.002710464,106.1388927,3,7.25,1142,4948.666667,59384,28.55,471506,199454,0.27,3.358716152,13.22639257,7.939950155,31.26697613,2.363983675,1,866,217587,30012,119.4482759,30.33274956,3.664067762,9.67,1201,116.07,69.87951807,275.1807229,325.19,10.15,4.506,20,4.15,0.06,0.091,4498.338,3632.338,3191.078,768.9344578,314.3919212,708.1841988,0.531,639.4,684,31584,17768,384.2521497,32,0.692034488,19.9,26.3,4.5,75.7,0.69,35.9,35.2,1,136,3321430,112262,255,13,15497,1922,21654,740,218,6063,54699,7497,1348,2356,3379.929729,7.677416053,0.391397681,466.5761434,57.86664178,651.9481067,22.27956031,6.563438037,182.541857,1646.850905,225.716032,40.58492878,87.07139588,Yes,3861204,1.197566096,15.6,1.63,5.6,0.07,0.24,0.101,0.078,0.023,0.09,42.7,1896,13.7,13.7,642,7.59,58.1,2709,27346,0.099063848,0.585850447,3201,3.8,58,414,27.8,49,20 weeks,Banned,Affected by Roe/Casey Reversal ,25,40,35,NO,NO,3,State laws neither require nor prohibit firearms registries.,2,46,47,44,15,0.84,11452,0.85,7724,0.130068705,28,101.4,No,No,No,Yes,Yes,No,No,No,No,No,No,No,No,76.2,65,9.3,2.2,5.1,0.3,3.4,2.9,2.3,2.7,0.7,1,118,Mixed,TRUE,0,N/A,40,115601.175,40,115601.175,0.459073589,5841,791.6533128,13.40724418,2,0.432521555,C,C-,D+,C-,N/A,B-,13.8,18.9,38.6,3.5,1.4,3040,0.65,0.172,0.1888,2.55,0.15,0.701,0.0873,0.0627,19,34,0.74,11,3.960545455,66.4,0,0,0,17.6,8,64.8,4,1.2,0,0.2,0,4.2,$9.0 billion,0.047,2.31E+11,49855.15934,215788,7500,284422,0,0,26774,59277,45308,5,HIGH,HIGH,MOD,HIGH,MOD,6,8,770674.5,6.072815669,-0.072815669,2312023.5,578005.875,1541349,John Bel Edwards,Democratic,1.166666667,0,0.399,0.585
Massachusetts,MA,7838,6984723,0.007132506,891.1358765,10,14.25,1832,7938.666667,95264,45.8,841256,314389,0.198,3.300186849,10.60691633,8.830786026,28.38245614,2.675844257,20,1449,581095,40778.59649,101.6842105,31.63755459,6.099838344,21.97,602,132.18,117.0431211,376.1806982,406.21,12.34,5.038,35,4.87,0.05,0.115,7025.72,5576.72,5038.33,1034.564682,408.2925446,1000.065502,0.147,308.8,108,7503,29511,422.5078074,8,0.11453568,2.7,3.7,1.8,80.4,6.37,33.9,31.7,0,376,6937375,134009,311,15,9582,2322,29644,346,608,24521,55528,6819,2618,1695,1931.696067,4.482963657,0.216220112,138.1214076,33.47087335,427.3086002,4.987477252,8.764121876,353.4622245,800.4180256,98.29366295,37.73761689,20.63744556,Yes,5036686,1.386769594,4.8,2.03,5.17,0.08,0.31,0.073,0.05,0.023,0.061,33.9,2302,16.4,8.4,618,6.33,8.4,5347,72962,0.073284724,0.765527853,18285,13.2,259,586,6.9,32,24 weeks,Protected,,19,10,7,YES,YES,3,State laws neither require nor prohibit firearms registries.,2,4,1,1,5,0.901,17058,0.91,20913,0.219526789,23,138.1,Yes,Yes,Yes,Yes,Yes,No,Yes,Yes,No,Yes,Yes,No,No,77.5,94.5,4.7,3.9,3.4,16.3,1.7,1,1.9,1.4,0.5,0.7,153,Fully Legal,TRUE,0,N/A,154,45355.34416,154,45355.34416,9.823934677,4200,1663.029286,53.58509824,8,1.145356802,A,A,N/A,N/A,A,A,14.5,22.4,27.4,3.6,2.4,28426,4.09,0.1105,0.0984,2.55,0.07,0.623,0.1379,-0.0679,7,5,0.711,32,0.2449375,47.9,0.217,31.06780326,27685.63409,0,0,76.9,0.4,2,0,9.2,1.1,10.3,$20.5 billion,0.057,5.43E+11,77788.98319,0,22,1092,2500,238,13207,12086,20514,5,HIGH,HIGH,HIGH,HIGH,MOD,9,11,776080.3333,9.173119408,-0.173119408,3492361.5,634974.8182,2134220.917,Charlie Baker,Republican,2,1,0.656,0.321
Maryland,MD,9775,6165129,0.006781037,630.703734,1,12.5,1499,6495.666667,77948,37.475,588035,265100,0.152,3.400985272,10.19615385,7.543939549,22.61673077,2.218162957,10,1425,406304,32504.32,114,38.02535023,5.212500641,13.01,957,124.5,99.40357853,298.0119284,343.67,9.89,4.996,135,5.03,0.0575,0.113,5761.656333,4336.656333,3868.486333,769.08277,391.1512976,774.31672,0.302,399.9,304,18476,3363,54.54873694,17,0.275744433,11.4,13.5,3.1,78.5,0.79,34.4,28.8,0,18,2902491,64600,192,3,3691,1092,13445,272,157,10740,28682,4026,1701,599,2225.674429,6.615007592,0.103359494,127.1666303,37.62285568,463.2227972,9.371260755,5.409146833,370.0269872,988.1856653,138.7084404,58.60483288,8.125207248,Yes,4211377,1.46392237,8.6,1.19,5.58,0.03,0.2,0.092,0.061,0.031,0.076,44.6,2771,9.2,9.2,585,5.73,19.7,1868,32179,0.058050281,0.302994471,n/a,n/a,n/a,n/a,13.9,31,Viability,Not Protected,Potentially Affected by Roe/Casey Reversal ,10,16,3,YES,YES,1,Any firearm defined in Maryland law as an assault pistol must be registered.,3,15,27,17,18,0.888,14762,0.9,15335,0.19673372,22,144.3,No,No,Yes,Yes,No,No,No,No,No,Yes,No,No,No,89.7,59,6.8,4.6,4.7,4.7,2,1.5,2,1.6,0.5,1.1,126,Mixed,TRUE,0,N/A,46,134024.5435,46,134024.5435,2.352941176,5336,1155.383996,54.58823529,9,1.459823468,B+,A,N/A,N/A,N/A,A-,7.8,11.6,34.3,4.3,1.7,15011,2.48,0.1018,0.0889,2.08,0.1,0.696,0.1011,-0.0011,29,14,0.688,20,0.48875,54.2,0.517,83.85874813,52890.02558,37.7,14.7,37.1,0.2,5.3,0,1.7,1.3,1.9,$2.6 billion,0.047,3.68E+11,59615.89774,0,0,5700,0,0,96130,9250,2005,5,HIGH,MOD,HIGH,HIGH,HIGH,8,10,770641.125,8.096736905,-0.096736905,3082564.5,616512.9,1926602.813,Larry Hogan,Republican,1.875,1,0.654,0.322
Maine,ME,30865,1372247,0.002530386,44.45964685,1,12.75,1163,5039.666667,60476,29.075,434306,194663,0.183,3.218847146,7.340233786,7.181460414,16.376546,2.231065996,1,903,370227,29037.41176,70.82352941,31.05760963,6.121883061,16.81,570,95.77,114.0939597,260.1789709,372.21,10.24,5.028,60,4.47,0.0715,0.124,4414.748,3511.748,3043.768,680.9324385,297.2429688,605.363564,0.468,108.6,145,1967,16898,1231.410963,23,1.676083096,1.6,10.4,3.7,78.3,2.4,39.3,33.6,0,129,1366119,26094,165,2,1713,460,6209,37,36,3102,13207,891,161,111,1910.082504,12.07801077,0.146400131,125.3917118,33.67203004,454.4992054,2.708402416,2.635202351,227.0666025,966.7532623,65.22125818,11.78521051,70.93330282,No,1121106,1.224011824,11.7,2.54,4.75,0.09,0.16,0.131,0.097,0.034,0.113,39.7,496,8.4,16.4,234,3.94,18.9,1232,16288,0.075638507,0.897797554,8706,9.3,143,1229,9.1,38,Viability,Protected,,49,7,13,YES,NO,3,State laws neither require nor prohibit firearms registries.,2,9,23,13,27,0.926,14145,0.93,9449,0.156243799,42,71.8,No,No,No,No,No,No,No,Yes,No,Yes,No,No,No,74.9,110.3,8.2,2.3,4.6,12.2,2.5,1.5,1.9,1.2,1.7,1.3,92,Fully Legal,TRUE,1,1372247,83,16533.09639,84,16336.27381,1.36076462,1574,871.821474,5.09962741,1,0.728731781,D,D-,B,N/A,C,C-,9.9,14.7,31.9,3.1,1,852,0.63,0.1166,0.1126,2.85,0.06,0.623,0.0868,-0.0268,3,47,0.717,13,2.374230769,41,2.55,1858.266041,82617.85194,0,0.6,24.7,0.4,27.1,0,1.6,23.3,22.3,$3.8 billion,0.015,62880900000,45823.31023,19850,5130,7311,0,0,5800,37950,25,3,MOD,LOW,MOD,M^{†} / H*,MOD,2,4,686123.5,1.802188231,0.197811769,686123.5,343061.75,686123.5,Janet Mills,Democratic,2,0.25,0.531,0.44
Michigan,MI,56539,10050811,0.001942643,177.7677532,20,9.87,1291,5594.333333,67132,32.275,476358,208693,0.216,3.1086963,10.1654684,7.09584103,23.20347206,2.282577758,7,908,236981,24010.23303,91.99594732,28.13323005,3.530075076,16.26,676,109.86,92.45901639,302.3419204,327.12,12.33,5.214,0,4.27,0.0425,0.086,5113.220667,4205.220667,3768.240667,882.4919594,305.6156258,722.7158931,0.402,478,381,38053,1482,14.74507878,13,0.129342796,8.7,14.6,3.1,78,4.59,36.1,25.8,0,618,9785364,232118,1472,17,19990,2457,47250,1608,604,34204,94082,21283,4014,5137,2372.09367,15.04287424,0.173728846,204.2846848,25.10892799,482.8639997,16.43270501,6.172483722,349.5424391,961.4563137,217.4982964,41.02044645,24.43287266,Yes,8453239,1.188989333,9.9,1.12,3.89,0.03,0.25,0.036,0.035,0.001,0.035,28.6,2759,14,14,1444,6.8,19.4,5564,161011,0.034556645,0.553587168,26594,14.2,239,834,15.1,72,Viability,Not Protected,Potentially Affected by Roe/Casey Reversal ,34,21,37,NO,YES,2,Pistol purchases must be accompanied by a local license forwarded to the state's pistol entry database.,3,17,27,22,23,0.917,12345,0.91,10861,0.161785736,21,104.6,No,Yes,Yes,Yes,Yes,Yes,Yes,Yes,Yes,Yes,No,No,No,73.9,72.1,8,3,5.4,0.8,2.9,3,1.3,2.4,1.6,1.6,130,Fully Legal,TRUE,1,10050811,104,96642.41346,105,95722.00952,0.928562585,9521,1055.646571,16.83970357,7,0.696461211,B,B,B,N/A,B-,N/A,12.3,19.8,34.4,4.1,2.1,13146,1.32,0.1156,0.1399,2.36,0.13,0.722,0.1374,-0.0074,34,35,0.721,65,0.869830769,44.4,7.809,776.952228,138117.0519,29.6,31.9,26.6,1,0.7,0,0.4,6.7,3.1,$12.2 billion,0.026,4.82E+11,47933.05734,0,1000,5352,7498,0,28135,60200,14858,1,LOW,LOW,LOW,LOW,MOD,14,16,717915.0714,13.19984908,0.800150922,5025405.5,628175.6875,2871660.286,Gretchen Whitmer,Democratic,1.5,1,0.506,0.478
Minnesota,MN,79617,5707390,0.007342597,71.68556966,7,10.33,1378,5971.333333,71656,34.45,574780,243659,0.169,3.400399129,11.34015005,8.021379926,26.75087497,2.35895247,2,1070,333985,32331.55857,103.5818006,31.05950653,4.660949537,13.17,775,102.11,93.2731377,311.0609481,395.39,10.16,4.724,25,4.43,0.0985,0.121,5248.802,4178.802,3681.302,830.9936795,362.332874,779.2764606,0.428,277.5,174,9982,2016,35.32262558,15,0.262817155,3.6,8.9,1.5,80.4,2.65,33.9,25.1,0,411,5699338,189416,724,5,14430,4017,35062,197,205,22930,88623,14562,3996,4665,3323.473709,12.70322974,0.087729487,253.1873,70.48187,615.1942559,3.456541795,3.596908974,402.3274282,1554.970068,255.5033585,70.11340615,52.49676967,Yes,5690749,1.00292422,6.5,1.41,5.5,0.04,0.08,0.061,0.043,0.018,0.052,19,1050,13.1,13.1,758,4.13,11.8,5955,38675,0.153975436,1.043384104,10134,9.5,148,938,10.1,43,Viability,Protected,Potentially Affected by Roe/Casey Reversal ,36,9,12,YES,NO,3,State laws neither require nor prohibit firearms registries.,2,29,3,17,24,0.94,12975,0.93,16087,0.224503182,16,96.6,Yes,Yes,Yes,Yes,Yes,No,No,No,No,Yes,No,No,No,67,69.1,7.4,3.8,4,0.5,2.1,1.5,2.3,1,4,0.7,136,Mixed,TRUE,1,5707390,67,85184.92537,68,83932.20588,0.427044475,5953,958.7418109,7.477046359,11,1.9273258,B-,B-,B-,N/A,N/A,N/A,12,15.9,32.4,1.9,,9113,1.62,0.072,0.0917,2.79,0.1,0.734,0.1072,-0.0072,24,10,0.704,25,3.18468,41.2,12.941,2267.411198,162540.6634,23.7,26.5,20.6,0.1,1.5,0,3.2,21.7,2.7,$2.9 billion,0.006,3.51E+11,61543.54267,0,2,1500,7500,50,14523,25310,31,5,HIGH,HIGH,MOD,HIGH,HIGH,8,10,713423.75,7.495582857,0.504417143,2853695,570739,1783559.375,Tim Walz,Democratic,1.571428571,1,0.524,0.453
Missouri,MO,68898,6168187,0.002737576,89.5263578,2,11.15,1179,5109,61308,29.475,470279,202054,0.202,3.295719971,8.712228355,7.670760749,20.27763884,2.327491661,6,841,236146,21179.01345,75.42600897,28.53265479,3.851797482,11.22,1028,115.35,111.7794486,295.4887218,312.63,10.31,4.498,29,3.99,0.054,0.093,4633.863,3792.863,3364.883,843.3290727,326.370805,748.0842597,0.488,542.7,421,26038,11753,190.5422128,31,0.502578797,14,23.9,4.2,76.9,1.72,41.7,35.2,1,477,5885677,205063,1106,10,17370,4166,40555,545,116,13960,97843,22462,3596,3334,3484.102169,18.79138118,0.169903989,295.1232288,70.7820018,689.0456272,9.259767398,1.970886272,237.1859686,1662.391599,381.63834,61.09747443,56.59816914,Yes,5587022,1.104020532,14.3,2.18,5.16,0.01,0.1,0.212,0.132,0.08,0.171,32.1,1875,13.9,18.2,1125,8.12,34.6,6783,67293,0.100798003,1.099674832,3903,3.3,53,381,20.3,47,Viability,Banned,Affected by Roe/Casey Reversal ,39,23,37,NO,NO,3,State laws neither require nor prohibit firearms registries.,2,38,26,22,28,0.925,10810,0.9,10041,0.163779605,46,101.3,Yes,Yes,Yes,Yes,No,No,No,Yes,No,Yes,No,No,No,72.9,74.7,8,3.3,5.1,0.8,2.1,3.5,2.4,1.6,1.7,1.2,125,Mixed,TRUE,1,6168187,93,66324.5914,94,65619.01064,0.682167842,9001,685.2779691,13.06423989,23,3.728810427,F,C-,D,F,F,N/A,8.4,13.2,37.3,2.5,3.3,5503,0.9,0.1116,0.131,2.51,0.16,0.716,0.1109,0.0491,30,25,0.692,33,2.087818182,54.6,6.607,1071.141326,95895.38158,5.5,74.4,8.7,0.2,2.4,0,0.2,8.5,0.2,$5.2 billion,0.049,2.99E+11,48502.3395,5947270,11000,15381,0,0,3816,5350,2245,4,L^{†} / H*,L^{†} / H*,M^{†} / H*,HIGH,HIGH,8,10,771023.375,8.100753012,-0.100753012,3084093.5,616818.7,1927558.438,Mike Parson,Republican,1.25,0,0.414,0.568
Mississippi,MS,46914,2949965,-0.000202996,62.88027028,2,7.25,944,4090.666667,49088,23.6,361462,168705,0.268,3.436786995,11.18733422,7.363551173,23.96962865,2.142568389,2,779,171495,23654.48276,107.4482759,33.00847458,3.493623696,11.17,1146,128.08,74.16879795,241.4322251,423.33,9.32,4.553,18.5,3.91,0.05,0.098,3689.781333,2910.781333,2359.371333,603.4197783,253.1514306,518.2014789,0.558,291.2,639,18915,2308,78.23821639,31,1.050859925,20.5,28.6,5,74.4,0.15,39.7,31.7,1,137,1673199,47697,185,5,6125,927,8779,750,53,4528,21874,3059,465,947,2850.647173,11.05666451,0.298828771,366.0652439,55.40285405,524.6835553,44.82431558,3.167584967,270.6193346,1307.316105,182.8234418,27.79107566,81.85161154,No,2058975,1.432734735,21.6,0.83,5.29,0.03,0.16,0.082,0.065,0.017,0.073,21.1,586,18.2,13.9,410,5.89,20.8,2355,38810,0.060680237,0.798314556,2594,4.4,69,127,29.1,25,20 weeks,Banned,Affected by Roe/Casey Reversal ,26,50,45,NO,NO,3,State laws neither require nor prohibit firearms registries.,2,49,43,45,4,0.84,8935,0.85,5436,0.110739896,14,94.4,No,No,No,No,No,No,No,No,No,Yes,No,No,No,77.3,58.1,9.6,1.2,4.7,0.3,3,2.8,2.4,3.2,0.9,2.3,113,Mixed,TRUE,0,N/A,25,117998.6,25,117998.6,0.266444984,6765,436.0628234,14.42000256,0,0,F,D-,D-,D-,N/A,F,13.1,17.7,39.1,3.6,2.7,1429,0.48,0.1496,0.1978,2.17,0.17,0.712,0.1713,-0.0013,26,7,0.736,8,5.86425,63.4,0,0,0,17.1,8,72.1,0,0,0,0.6,0,2.1,$4.3 billion,0.013,1.05E+11,35608.49027,218727,7500,12798,0,0,1402,0,25,5,HIGH,HIGH,HIGH,HIGH,HIGH,4,6,737491.25,3.874223959,0.125776041,1474982.5,491660.8333,1106236.875,Tate Reeves,Republican,1.25,0,0.41,0.575
Montana,MT,145556,1104271,0.009192682,7.586571491,6,9.2,1108,4801.333333,57616,27.7,465702,196629,0.195,3.412749931,10.2753449,8.082858928,24.33643395,2.368429886,4,854,464330,50470.65217,92.82608696,30.83032491,8.059046098,11.24,858,96.49,86.18266979,259.4847775,323.91,9.72,4.78,217,4.27,0.069,0.105,4297.193333,3443.193333,3022.793333,707.9141296,310.9869684,632.3835425,0.663,469.8,432,4723,17376,1573.526788,45,4.075086641,6.6,20.9,5.3,78.4,1.43,37.2,34.6,1,106,1098323,35096,205,2,2530,773,8147,55,5,2210,17442,2967,289,471,3195.417013,18.664819,0.182095795,230.3511808,70.38002482,741.7672215,5.007634366,0.455239488,201.2158536,1588.057429,270.1391121,26.3128424,56.64598992,No,1952553,0.565552382,17.2,1.78,4.67,0.03,0.16,0.164,0.114,0.05,0.139,15.6,162,26.1,26.1,300,5,21,2158,15399,0.14013897,1.954230438,1561,8.2,132,146,16.3,57,Viability,Protected,,43,49,45,YES,NO,3,State laws neither require nor prohibit firearms registries.,2,39,20,13,46,0.912,11680,0.94,9518,0.165197167,38,63.4,No,No,No,No,No,No,No,No,No,No,No,No,Yes,69.8,102.5,7,3.8,4.5,0,2.2,1.9,2.1,1.5,3.4,0.9,90,Fully Legal,TRUE,2,552135.5,53,20835.30189,55,20077.65455,0.188930721,1778,621.0748031,1.221522988,0,0,D-,F,F,C,N/A,N/A,17.6,23.6,31.8,2.8,2.3,322,0.3,0.0999,0.1231,3.1,0.09,0.683,0.1055,-0.0155,14,49,0.604,16,9.09725,42.7,2.822,2555.532111,19387.72706,0,43.2,2,1.8,40,0,0.1,11.5,1.3,$10.6 billion,0.037,49767200000,45067.92264,133611,9000,22728,0,0,17375,9247,19250,2,LOW,MOD,MOD,MOD,LOW,1,3,1104271,1.450252178,-0.450252178,552135.5,368090.3333,828203.25,Greg Gianforte,Republican,1,0.5,0.405,0.569
North Carolina,NC,48718,10551162,0.009097742,216.5762552,114,7.25,1241,5377.666667,64532,31.025,506795,218073,0.176,3.379300192,14.46107427,7.853390566,33.60709549,2.323969496,3,943,329551,45455.31034,130.0689655,30.39484287,5.106784231,11.38,1041,118.44,69.87951807,299.0361446,341.1,15.1,5.587,34,4.15,0.0525,0.099,4845.277667,3902.277667,3442.737667,829.5753414,227.995872,616.2050594,0.458,419.3,306,33042,10271,97.34472848,21,0.199030211,8.6,16,4.1,77.6,1.62,43.9,19.3,1,387,9859219,337746,1420,11,36508,4324,61076,1913,816,43312,158155,18779,5840,5592,3425.687166,14.40276355,0.111570704,370.2930222,43.85742928,619.4811171,19.40315962,8.276517643,439.3045737,1604.133147,190.4714765,59.23390078,29.22640895,Yes,8739280,1.207326233,13.1,1.38,5.69,0.02,0.09,0.091,0.044,0.047,0.067,30.9,3146,14.9,13.2,1441,5.68,18.6,5320,100086,0.053154287,0.504209868,54391,28.2,487,3947,18.2,30,Viability,Not Protected,Potentially Affected by Roe/Casey Reversal ,20,20,23,NO,NO,3,State laws neither require nor prohibit firearms registries.,2,14,20,22,30,0.864,9377,0.88,9480,0.146903862,9,110.7,Yes,Yes,No,Yes,Yes,No,Yes,No,No,Yes,No,Yes,No,76.9,75.2,7.2,3.9,4.6,2,2.3,2.4,2.7,2.5,0.9,1.7,116,Mixed,NOT TRUE,1,10551162,41,257345.4146,42,251218.1429,0.431052178,15737,670.4684501,32.30222916,6,0.568657746,B+,B+,B+,A-,B-,C,11.7,17.8,36,3.5,2.8,14184,1.35,0.153,0.1358,2.17,0.16,0.663,0.0964,0.0636,32,17,0.706,39,1.249179487,59,0.505,47.86202695,10365.77856,32.8,15.5,35.9,0.1,5.8,0,7.6,0.4,1.8,$9.1 billion,0.006,5.44E+11,51560.50111,11416713,0,375,0,0,800,0,13511,5,HIGH,HIGH,HIGH,MOD,LOW,13,15,811627.8462,13.85696597,-0.85696597,5275581,703410.8,3043604.423,Roy Cooper,Democratic,1.384615385,0,0.486,0.499
North Dakota,ND,68994,774948,0.014807997,11.23210714,3,7.25,1192,5165.333333,61984,29.8,540837,223203,0.173,3.600977672,14.80125995,8.725429143,35.86452255,2.423072271,0,748,284909,39297.7931,103.1724138,25.10067114,4.596492643,10.44,1085,113.26,70.55961071,290.0243309,326.66,8.53,5.009,48.5,4.11,0.029,0.088,4710.784,3962.784,3522.864,857.1445255,412.9969519,703.3068477,0.551,329,228,1767,26726,3448.747529,22,2.838900158,4.4,13.8,6.1,78.8,1.99,25.3,26.1,0,112,774948,26333,105,3,2983,579,4843,99,84,3032,11598,2085,191,731,3398.034449,13.54929621,0.387122749,384.9290533,74.71469053,624.9451576,12.77505071,10.83943697,391.2520582,1496.616547,269.0503105,24.64681501,56.71848855,No,899083,0.861931546,13.1,1.99,10,0.02,0.16,0.163,0.123,0.04,0.143,15.6,114,18.2,18.2,135,4.64,20.1,976,6592,0.148058252,1.259439343,28575,13.8,242,3587,15.6,56,20 weeks,Banned,Affected by Roe/Casey Reversal ,44,22,51,NO,NO,3,State laws neither require nor prohibit firearms registries.,2,30,9,22,50,0.937,13758,0.93,9091,0.146666882,40,88,No,No,No,No,No,Yes,No,No,No,No,Yes,No,No,65.6,76.5,8.7,2.5,3.1,0,2.8,1.4,2.1,1,5,1,123,Mixed,TRUE,1,774948,20,38747.4,21,36902.28571,0.152187147,1498,517.3217623,2.171203293,0,0,C+,B-,N/A,N/A,C+,N/A,13.8,20.7,35.2,2.3,3,951,1.25,0.0632,0.101,3.16,0.08,0.618,0.1581,-0.0781,6,18,0.709,0,0,40.4,14.541,18763.83964,210757.4572,0,57.1,3.4,0.1,5.2,0,0,34.1,0.2,$9.8 billion,0.02,55530300000,71656.80794,36305,11000,152835,0,0,16144,57569,16500,5,HIGH,HIGH,HIGH,HIGH,HIGH,1,3,774948,1.017748383,-0.017748383,387474,258316,581211,Doug Burgum,Republican,1,0,0.318,0.651
Nebraska,NE,76878,1963692,0.00716525,25.54296418,4,9,1144,4957.333333,59488,28.6,477312,207417,0.211,3.486703201,11.07996795,8.023668639,25.4974359,2.301219283,3,870,250043,27782.55556,96.66666667,30.41958042,4.203251076,10.8,1013,109.39,88.45208845,281.0810811,336.9,9.44,4.651,36,4.07,0.0684,0.115,4387.24,3517.24,3070.95,754.5331695,325.3125,660.2773597,0.452,334.1,285,5596,23005,1171.517733,20,1.018489661,4.1,10.1,3.5,79.2,2.41,33.7,28,1,267,1471365,36284,182,6,2342,977,9922,135,130,4784,15465,1750,240,351,2466.009454,12.36946645,0.407784608,159.1719254,66.40092703,674.3398137,9.175153684,8.835333177,325.1402609,1051.064828,118.9371774,16.31138433,42.88355975,No,1935357,1.01464071,12.8,1.59,6.5,0.04,0.34,0.145,0.088,0.057,0.117,11.3,214,16.4,14.9,283,4.41,18.2,2109,25307,0.083336626,1.073997348,1958,5.3,76,207,15.3,64,20 weeks,Not Protected,Affected by Roe/Casey Reversal ,33,36,37,NO,NO,3,State laws neither require nor prohibit firearms registries.,2,23,16,17,32,0.927,12491,0.91,12571,0.21131993,3,98.8,No,No,No,No,No,No,No,No,No,Yes,No,No,Yes,71.9,75.8,9.6,3.6,4,1,3.4,2.2,1.4,1.3,2.9,1.2,129,Mixed,NOT TRUE,0,N/A,74,26536.37838,74,26536.37838,0.481282031,2860,686.6055944,3.720180025,1,0.509244831,D+,D,C,N/A,C-,N/A,6.8,10.3,35.9,2.1,2.4,3295,1.7,0.0823,0.1054,2.16,0.11,0.674,0.1174,-0.0074,8,26,0.658,15,5.1252,48.8,9.72,4949.859754,126434.0904,17.8,49.2,4.1,0.1,3.3,0,0.1,25.2,0.2,$519 million,0.011,1.23E+11,62848.80725,19638,0,17743,0,0,24,48750,5525,4,HIGH,LOW,HIGH,HIGH,LOW,3,5,654564,2.578939952,0.421060048,981846,392738.4,818205,Pete Ricketts,Republican,1,0,0.392,0.582
New Hampshire,NH,8969,1388992,0.004544033,154.8658713,11,7.25,1580,6846.666667,82160,39.5,568731,254995,0.214,3.103639241,16.90948276,6.922237098,37.71425729,2.23036138,0,1179,440602,60772.68966,162.6206897,29.84810127,5.362731256,19.04,630,120.01,60.04140787,327.1221532,183,11.31,4.635,23.8,4.83,0,0.096,6189.386667,5010.386667,4707.376667,974.6121463,416.2136752,1015.615246,0.411,146.4,195,2691,1238,89.12938303,15,1.079919827,0,8.9,2,79.4,1,34.7,35.4,0,208,1355329,27923,108,3,957,629,7353,118,143,5334,11534,892,181,671,2060.237773,7.968544907,0.22134847,70.61016181,46.4093958,542.5250991,8.706373139,10.55094372,393.557579,851.0110829,65.8142783,13.354691,86.80214446,No,1357535,1.023172147,7.4,2.01,6,0.04,0.1,0.155,0.124,0.031,0.14,30.3,393,7.1,16.4,234,4,"No data, but many efforts and studies in place to prevent them.",841,12796,0.065723664,0.60547505,n/a,n/a,n/a,n/a,6.6,43,40,Protected,,47,30,21,NO,NO,3,State laws neither require nor prohibit firearms registries.,2,8,5,4,7,0.942,16893,0.93,12791,0.155684031,25,127.7,No,No,No,No,No,No,No,No,No,Yes,No,No,No,79.8,100.2,6.3,2.4,4,16.2,2.3,1.5,2.1,1.7,0.9,1,129,Mixed,TRUE,0,N/A,68,20426.35294,68,20426.35294,3.790835099,1025,1355.114146,11.42825287,3,2.159839654,C,C+,N/A,N/A,N/A,D,11,17.8,30.6,2,1.7,1947,1.43,0.0544,0.0716,4.67,0.04,0.761,0.1812,-0.1412,1,41,0.704,20,0.44845,43.8,0.504,362.8530618,56193.55558,56.5,1.6,25.6,0.4,6.7,0,0,2.9,6.2,$2.3 billion,0.016,83721800000,60275.22117,0,0,32000,7500,0,169024,205446,14941,5,HIGH,HIGH,HIGH,HIGH,HIGH,2,4,694496,1.824179638,0.175820362,694496,347248,694496,Chris Sununu,Republican,2,1,0.527,0.454
New Jersey,NJ,7419,9267130,0.005515163,1249.107696,0,13,1563,6773,81276,39.075,760462,308976,0.198,3.801565038,11.42662722,9.356538215,28.12359467,2.461233235,7,1394,471650,36280.76923,107.2307692,35.67498401,5.803066096,16.03,683,109.54,100.1926782,301.1560694,343.77,8.74,4.978,0,5.19,0.1075,0.132,5878.964,4484.964,4031.654,776.8119461,461.287643,809.8943351,0.147,195.4,210,18613,6465,69.76269892,10,0.107908274,4.3,5,1.4,80.1,5.5,35.8,27.4,0,177,3844336,51188,93,1,3114,1245,6052,125,201,10330,23380,5079,1243,325,1331.517328,2.419143384,0.026012294,81.00228492,32.38530659,157.426406,3.251536806,5.228471185,268.7070017,608.1674443,132.1164435,32.333282,49.50827437,Yes,6006247,1.542915235,6.3,0.74,4.83,0.1,0.31,0.075,0.051,0.024,0.063,32.1,2840,24.2,7.1,679,5.3,38.1,2642,78725,0.03355986,0.285093659,21484,12.5,212,1164,10,17,40,Protected,,7,13,16,YES,YES,1,Any weapons defined by New Jersey law as assault weapons must be registered.,3,3,2,2,1,0.831,20021,0.9,12988,0.159801171,30,144.7,No,Yes,No,No,No,No,No,No,No,Yes,No,No,No,81.2,89.1,2.2,3.3,2.9,10.1,2.1,1.1,1.8,1.6,0.9,0.6,135,Fully Legal,TRUE,0,N/A,50,185342.6,50,185342.6,3.369726378,6114,1515.722931,82.41002831,24,2.589798568,D+,C,N/A,N/A,C,D-,7.8,11.8,28.2,4,,21284,2.4,0.0775,0.098,2.36,0.14,0.652,0.1458,-0.0058,31,22,0.685,113,0.065654867,52.7,0.02,2.158165473,2695.781103,45.8,1.7,47.8,0.1,0,0,2.5,0,2.3,$1.4 billion,0.02,5.73E+11,61804.84141,0,25,11605,2500,5850,2000,74456,81042,2,LOW,H^{†} / L*,LOW,M^{†} / H*,MOD,12,14,772260.8333,12.17063154,-0.170631543,4633565,661937.8571,2702912.917,Phil Murphy,Democratic,1.833333333,1,0.571,0.413
New Mexico,NM,121365,2115877,0.002797824,17.43399662,7,11.5,1097,4753.666667,57044,27.425,384427,185641,0.153,3.254347521,7.760911371,6.739131197,16.07136288,2.070808711,0,834,300527,26132.78261,72.52173913,30.41020966,5.268336723,12.94,670,86.66,106.7285383,254.5243619,307.79,12.33,5.036,59,4.31,0.059,0.102,4268.792667,3434.792667,3040.342667,705.4159319,246.5809138,603.7217368,0.462,778.3,315,6634,6942,328.0909051,75,3.544629485,10.8,22.7,5.8,76.9,1.25,34.4,29.1,0,42,1285483,68916,230,38,7249,593,15760,411,91,8583,25657,7316,2029,959,5361.097735,17.89210748,2.956087323,563.9125527,46.13052059,1225.998321,31.97241815,7.07905122,667.6867761,1995.903485,569.1246014,157.8395047,8.453995697,No,1783151,1.186594405,20.2,1.97,4.5,0.03,0.14,0.089,0.079,0.01,0.084,39,784,8,24.2,516,4.08,21.5,1430,26034,0.054928171,0.675842688,3999,10.1,168,893,24.4,61,40,Protected,,5,18,20,NO,NO,3,State laws neither require nor prohibit firearms registries.,2,50,49,49,25,0.835,9582,0.86,8617,0.151058832,7,82.7,No,No,No,No,No,No,No,No,Yes,Yes,Yes,No,No,73.4,66.7,7.8,4.5,5.1,0.8,2.6,2.8,2.9,2,1.6,1.8,93,Mixed,TRUE,1,2115877,34,62231.67647,35,60453.62857,0.144193136,2447,864.6820597,2.016232027,1,0.472617265,B-,B-,C,B,N/A,N/A,9.1,13.2,34.6,4.4,1.8,1546,0.74,0.2149,0.1859,2.26,0.07,0.708,0.1538,-0.0838,46,46,0.459,15,8.091,53.4,10.648,5032.428634,87735.3438,0,35.5,28.4,0.1,0.5,0.1,5,30.2,0.1,$6.6 billion,0.012,96488400000,45602.08367,0,0,325,2500,0,880,0,21250,5,HIGH,MOD,HIGH,HIGH,HIGH,3,5,705292.3333,2.778806314,0.221193686,1057938.5,423175.4,881615.4167,Michelle Lujan Grisham,Democratic,1.666666667,1,0.543,0.435
Nevada,NV,109806,3143991,0.014041019,28.63223321,3,9.75,1246,5399.333333,64792,31.15,540025,205028,0.135,3.164403013,10.10986193,8.334748117,26.62845168,2.633908539,11,1229,446108,45754.66667,126.0512821,39.45425361,6.885232745,11.34,973,110.36,88.03611738,281.2641084,293.43,8.15,4.683,49,4.43,0,0.096,4880.997333,3651.997333,3248.207333,733.2296464,398.553047,693.6167699,0.473,460.3,396,12840,8947,284.574606,43,1.367688394,7.3,17,3,78,0.17,43.8,32.8,1,56,3130107,115149,407,18,12406,1585,21572,1172,267,13578,45412,13703,2312,2717,3678.75603,13.00275039,0.575060214,396.3442783,50.63724659,689.1777182,37.44280946,8.530059835,433.7870878,1450.813023,437.7805615,73.86328966,23.85539958,Yes,2549357,1.233248619,9.9,1.03,5.67,0,0.08,0.118,0.095,0.023,0.106,26,832,13.2,18.2,603,6.77,8.4,3186,29429,0.108260559,1.013361679,7360,12.5,206,393,18.9,67,24 weeks,Protected,,2,17,16,YES,NO,3,State laws neither require nor prohibit firearms registries.,2,48,43,41,44,0.839,9417,0.87,11408,0.17607112,26,116.6,No,Yes,No,Yes,No,No,Yes,No,Yes,Yes,Yes,No,No,84.8,68.4,6.1,8.2,4.6,0.9,2.1,2.6,1.8,1.4,1.2,1.3,166,Fully Legal,TRUE,1,3143991,23,136695.2609,24,130999.625,0.109283646,1392,2258.614224,1.26769029,1,0.318067068,F,F,F,D+,C,N/A,15.4,25,31.3,4.4,2.8,-970,-0.31,0.1389,0.1188,3.42,0.14,0.583,0.2286,-0.0886,48,19,0.383,1,109.806,49.9,0.34,108.1428032,3096.369962,0,6.6,62.5,0,4.7,9.4,15.9,0.8,0.2,$1.5 billion,0.013,1.60E+11,50797.85534,0,35,43535,0,0,174345,322466,69967,5,HIGH,MOD,HIGH,HIGH,HIGH,4,6,785997.75,4.129040602,-0.129040602,1571995.5,523998.5,1178996.625,Steve Sisolak,Democratic,1.75,1,0.501,0.477
New York,NY,47224,19835913,0.004168742,420.038815,0,13.2,1829,7925.666667,95108,45.725,777126,265630,0.116,2.792930143,9.674752331,8.170984565,28.30441434,2.925595753,114,1358,412141,31222.80303,102.8787879,29.69928923,4.333399924,18.36,602,110.47,100.9560229,349.7131931,482.87,9.98,4.804,27,5.23,0.0882,0.159,6665.485667,5307.485667,4714.145667,901.3662843,472.3592852,981.2959339,0.199,363.8,226,43439,78062,393.5387295,7,0.035289528,4.7,5.3,1.5,80.7,2.8,31.7,29,0,124,3719239,85284,394,5,5305,998,22160,25,155,10025,39528,4082,1520,1087,2293.049734,10.59356497,0.134436104,142.6367061,26.8334463,595.8208117,0.672180519,4.167519216,269.544388,1062.798062,109.7536351,40.86857553,74.60230902,Yes,11324755,1.751553389,4.8,3.96,5.85,0.05,0.3,0.194,0.142,0.052,0.167,25.4,4965,18.2,8,1642,5.47,19.2,7918,215969,0.036662669,0.399174971,82966,20.7,361,7534,11.4,34,Viability,Protected,,8,19,8,YES,YES,1,All handguns and firearms defined by New York law as assault weapons must be registered.,3,11,27,30,6,0.779,24040,0.87,15394,0.161858098,37,121.8,Yes,Yes,Yes,Yes,Yes,No,Yes,Yes,Yes,Yes,No,Yes,No,92.3,106.1,4.5,3.3,3.1,7.6,1.8,1,1.2,1.1,0.2,0.8,148,Mixed,TRUE,0,N/A,215,92260.06047,215,92260.06047,2.276384889,14110,1405.805315,29.87887515,21,1.058685829,A,A-,A,N/A,A,B,12.1,20.4,29.1,4.7,2.4,45753,2.35,0.133,0.1395,2.21,0.11,0.54,0.0973,0.0127,12,16,0.707,85,0.555576471,45.4,4.387,221.1645111,92897.67915,24.9,0,45.6,0.7,22,0,1,3.5,2.3,$3.1 billion,0.034,1.52E+12,76417.90423,0,0,91964,0,22,250394,115822,120527,2,MOD,LOW,MOD,LOW,MOD,27,29,734663.4444,26.05073938,0.94926062,9917956.5,683997,5326309.972,Kathy Hochul,Democratic,1.72,1,0.609,0.377
Ohio,OH,40953,11780017,0.00225619,287.6472298,0,9.3,1221,5291,63492,30.525,460129,197621,0.223,3.112533863,10.21613937,7.247038997,23.78665219,2.328340612,6,831,216875,23319.89247,89.35483871,27.22358722,3.415784666,12.29,873,107.3,92.30769231,302.9776675,341.48,9.32,5.065,34.5,4.03,0.048,0.1,4761.9,3930.9,3482.12,864.0496278,373.6180258,687.4866732,0.4,308.8,429,50338,12407,105.3224287,17,0.144312186,9.1,15.2,2.9,76.9,3.92,35.6,30,1,596,10536226,288592,1012,18,27867,2604,60964,138,500,34274,131168,19393,6613,4041,2739.045271,9.604957221,0.17083916,264.487493,24.71473182,578.613253,1.309766894,4.745532224,325.2967429,1244.923941,184.0602128,62.76440919,94.32890981,Yes,10592317,1.112128442,9.9,0.66,5.06,0.02,0.17,0.086,0.084,0.002,0.085,47.2,5204,13.8,13.8,1644,6.7,19.2,11623,113008,0.102851126,0.986670902,27183,13.5,226,4735,18.8,49,20 weeks,Not Protected,Potentially Affected by Roe/Casey Reversal ,41,43,37,NO,YES,3,State laws neither require nor prohibit firearms registries.,2,25,9,6,21,0.909,13027,0.9,9697,0.152727903,24,92.4,Yes,Yes,Yes,Yes,Yes,Yes,Yes,Yes,No,Yes,Yes,No,No,82.8,65.2,8.9,3.8,5.2,1.9,2.9,3.2,2.2,3.5,2.2,1.7,116,Mixed,TRUE,1,11780017,75,157066.8933,76,155000.2237,0.92789295,13606,865.7957519,33.22345127,34,2.886243713,D-,F,D,N/A,D,N/A,10.4,17.5,37.8,4,2.5,9553,0.82,0.1177,0.1354,2.03,0.16,0.679,0.095,0.065,41,9,0.715,37,1.106837838,50.7,2.597,220.4580859,63414.15769,14.2,37.1,43.9,0.8,0.3,0,0.5,2.1,1.1,$747.2 million,0.014,6.23E+11,52926.88457,3063327,0,13,0,0,0,4104,2988,2,L^{†} / M*,LOW,MOD,LOW,HIGH,16,18,736251.0625,15.47083579,0.52916421,5890008.5,654445.3889,3313129.781,Mike DeWine,Republican,1.25,0.5,0.452,0.533
Oklahoma,OK,68679,3986639,0.005411046,58.04742352,6,7.25,1080,4680,56160,27,469311,197397,0.246,3.514903846,13.08998674,8.35667735,31.1214191,2.377498138,6,811,188707,26028.55172,111.862069,30.03703704,3.360167379,10.12,1078,109.07,71.25307125,265.3562654,346.66,9.8,4.554,96,4.07,0.05,0.09,4258.8,3447.8,2992.07,735.1523342,305.3132653,657.020202,0.547,458.6,632,25338,4610,115.636254,53,1.329440664,9,20.7,4.2,75.7,0.94,49.1,40.7,1,452,3965482,150315,834,13,20469,3102,22946,1912,420,15471,64803,15256,1772,3317,3790.585861,21.03149125,0.327829,516.1793699,78.22504301,578.6434032,48.21608067,10.59139847,390.141728,1634.177132,384.7199407,44.68561451,38.35339143,No,3730247,1.06873325,16.2,1.06,4.25,0.06,0.12,0.102,0.072,0.03,0.087,19.4,762,21.9,21.9,869,5.9,21.1,4475,57481,0.077851812,1.122499429,1155,7.9,108,314,27.4,57,20 weeks,Banned,Affected by Roe/Casey Reversal ,22,39,27,NO,NO,3,State laws neither require nor prohibit firearms registries.,2,41,38,41,37,0.877,8239,0.88,8576,0.152706553,12,101.2,No,No,No,No,Yes,No,No,Yes,Yes,Yes,No,No,No,76,72.1,8.8,2.1,5.2,0.3,1.6,2.8,1.9,1.2,0.5,1.7,126,Mixed,TRUE,0,N/A,39,102221.5128,39,102221.5128,0.283929585,7057,564.9197959,10.2753389,4,1.003351445,C+,C+,B-,C,D,N/A,13.3,20.2,39.4,3.1,3.5,4484,1.13,0.1479,0.1493,1.85,0.18,0.684,0.0912,0.0888,38,44,0.64,7,9.811285714,59.6,33.388,8374.974509,486145.6923,0,14,40.8,0,3.3,0,0.1,41.4,0.4,$6.9 billion,0.012,1.99E+11,49873.33942,93663,0,275148,0,0,22547,77231,28050,4,HIGH,MOD,HIGH,MOD,MOD,5,7,797327.8,5.235700197,-0.235700197,1993319.5,569519.8571,1395323.65,Kevin Stitt,Republican,1,0,0.323,0.654
Oregon,OR,96003,4246155,0.010128015,44.22939908,6,12,1332,5772,69264,33.3,517607,228006,0.171,3.291839917,9.134855769,7.472958535,20.73745994,2.2701464,2,1239,512667,42722.25,103.25,37.20720721,7.401637214,11.17,916,102.32,107.3825503,297.9865772,375.41,10.32,5.508,112,4.47,0.099,0.108,5148.624,3909.624,3431.894,767.7615213,332.5478682,623.0744372,0.508,291.9,345,14943,2751,64.78802587,30,0.706521547,3.8,13,3.3,79.6,3.74,37.3,33.6,1,208,4093590,172886,1402,11,13278,2642,36405,238,226,16021,79546,19241,2498,1378,4223.33453,34.24866682,0.268712792,324.3607689,64.53992706,889.3172008,5.813967691,5.520826463,391.367968,1943.184344,470.0275308,61.02223232,83.64683032,Yes,4095442,1.036800179,11.6,2.15,7,0.02,0.14,0.219,0.212,0.007,0.216,18.7,803,18.3,18.3,833,4.22,12.8,3294,55063,0.059822385,0.775760659,20893,9.5,153,1276,12.1,41,40,Protected,,24,4,5,YES,NO,3,State laws neither require nor prohibit firearms registries.,2,27,27,17,35,0.898,11920,0.91,13616,0.196581197,43,111.4,Yes,No,No,No,Yes,No,No,No,No,Yes,No,No,No,73.4,104.1,6.4,8.2,3.8,0,2,2.7,1.9,1,2.3,1.2,113,Fully Legal,TRUE,1,4246155,195,21775.15385,196,21664.05612,1.020801433,4026,1054.683308,4.193618949,1,0.235507182,B-,F,A-,B+,C+,C-,14.7,22.1,30.4,3.7,2.6,3295,0.78,0.1409,0.1234,2.74,0.08,0.637,0.1185,-0.0385,16,39,0.686,13,7.384846154,48.4,9.593,2259.220401,99923.96071,0,0,33.3,0,46.4,0.3,2.5,15.7,1.7,$4.7 billion,0.026,2.30E+11,54138.50884,0,0,26835,2500,0,43240,32207,20535,4,HIGH,LOW,HIGH,MOD,LOW,5,7,849231,5.576525632,-0.576525632,2123077.5,606593.5714,1486154.25,Kate Brown,Democratic,1.8,1,0.565,0.404
Pennsylvania,PA,44820,12964056,0.002339505,289.2471218,2,7.25,1352,5858.666667,70304,33.8,541612,229015,0.207,3.257496017,15.18667109,7.703857533,35.91591512,2.364962994,12,979,270035,37246.2069,135.0344828,28.96449704,3.840962107,13.58,846,114.9,64.87695749,302.4608501,401.02,10.46,5.047,37,4.47,0.0307,0.106,5237.648,4258.648,3742.728,837.2993289,357.8133843,741.5747969,0.407,389.5,355,45485,39145,301.9502538,12,0.092563624,8.5,13.6,2.5,78.3,0.61,37.7,27.5,1,40,2173050,75149,544,3,4690,276,15707,170,112,10492,31604,7344,3886,321,3458.226916,25.03393847,0.138054808,215.8256828,12.70104231,722.8089552,7.823105773,5.154046156,482.823681,1454.361381,337.9581694,178.8269943,33.66238436,Yes,10690187,1.212706195,8.3,1.92,5.61,0.04,0.21,0.092,0.05,0.042,0.07,42.4,5168,12.6,12.6,1694,5.58,18.6,9301,41010,0.226798342,0.717445219,4681,6.1,93,312,13.3,34,24 weeks,Protected,Affected by Roe/Casey Reversal ,32,26,22,YES,NO,4,Firearms registries are prohibited.,1,20,16,17,29,0.874,16395,0.91,11842,0.168439918,2,119,Yes,Yes,Yes,Yes,Yes,No,Yes,Yes,Yes,Yes,No,No,No,75.5,75.9,5.6,3.1,3.8,5.1,2.1,1.4,1.8,2,1.5,1,125,Mixed,TRUE,0,N/A,121,107140.9587,121,107140.9587,1.34984382,15359,844.0690149,34.26818385,32,2.468363296,A,B+,A,N/A,B+,B-,12.7,20.6,33.3,4.2,2.3,19532,1.53,0.1371,0.1202,2.34,0.12,0.713,0.1506,-0.0306,37,40,0.696,95,0.471789474,48.8,3.535,272.6770079,78871.03971,31.4,12.1,52.7,0.1,0.8,0,0.1,1.5,1.4,$1.3 billion,0.006,7.26E+11,56013.68893,1475448,15,1200,0,0,0,122600,19767,3,M^{†} / H*,MOD,MOD,MOD,MOD,18,20,720225.3333,17.02584823,0.974151774,6482028,648202.8,3601126.667,Tom Wolf,Democratic,1.5,0.5,0.501,0.488
Rhode Island,RI,1034,1095610,0.00417797,1059.584139,12,12.25,1315,5698.333333,68380,32.875,493748,220113,0.199,3.218967534,8.638657771,7.220649313,19.37786499,2.243156924,1,1069,436864,35662.36735,87.26530612,32.51711027,6.388768646,22.01,594,130.75,109.6196868,294.1834452,390.19,11.07,5.001,45,4.47,0.0599,0.114,5048.723333,3979.723333,3458.783333,773.7770321,312.4465522,691.618343,0.148,230.8,156,1656,3581,326.8498827,5,0.456366773,3,5.1,3.2,79.5,1.04,29.9,19.3,0,47,1094546,24698,95,4,1542,495,6065,99,64,3561,10398,1635,278,462,2256.46067,8.679397668,0.365448323,140.8803285,45.22422995,554.1110195,9.044845991,5.847173166,325.3403694,949.9829153,149.377002,25.39865844,14.77186443,Yes,866625,1.264226165,5.4,1.15,6.5,0.26,0.42,0.083,0.061,0.022,0.072,38.2,397,8.5,8.5,94,3.96,22.1,1099,9331,0.117779445,1.003094167,8506,10.5,195,844,10,46,Viability,Protected,,21,15,9,YES,YES,4,Firearms registries are prohibited.,1,7,38,30,17,0.915,16121,0.89,13696,0.200292483,4,134.5,No,No,No,No,No,No,Yes,No,No,No,No,No,No,81.3,110,5.9,2.4,2.9,16.4,2.3,1.5,2.5,1.7,0.2,1.3,129,Mixed,TRUE,0,N/A,15,73040.66667,15,73040.66667,7.253384913,677,1618.330871,65.47388781,0,0,B,B,N/A,N/A,B,C+,11.2,16.9,30.1,2.8,1.9,7733,2.42,0.1401,0.1184,2.63,0.13,0.629,0.136,-0.006,17,20,0.714,12,0.086166667,50.1,0.174,158.815637,168278.53,0,0,90.9,0.1,0.1,0,4.2,2.2,2.5,$12.7 billion,0.019,55447000000,50608.33691,0,0,26,2500,0,4740,13876,220,5,HIGH,HIGH,HIGH,HIGH,MOD,2,4,547805,1.438877584,0.561122416,547805,273902.5,547805,Dan McKee,Democratic,2,1,0.594,0.386
South Carolina,SC,30111,5190705,0.010180644,172.385673,1,7.25,1101,4771,57252,27.525,463976,202000,0.199,3.528261021,13.39522546,8.104101167,30.76763926,2.296910891,1,937,299965,41374.48276,129.2413793,34.0417802,5.239380284,12.78,1081,138.16,70.55961071,267.8832117,411.29,12.33,4.585,40,4.11,0.07,0.089,4346.381,3409.381,2859.931,695.8469586,231.9489862,623.7581243,0.494,530.7,342,18295,3082,59.37536423,24,0.462364939,12.7,22,6.3,76.8,1.74,41.5,17.4,1,411,5112587,191881,677,11,18353,3522,34272,774,269,20095,93193,13937,2516,4262,3753.109727,13.24182845,0.215155263,358.9767763,68.88880326,670.3455609,15.13910668,5.261524156,393.0495461,1822.814947,272.6017181,49.21187649,42.20928129,No,4561299,1.137988323,19.4,0.76,4,0.04,0.12,0.056,0.039,0.017,0.048,34.9,1739,16.3,16.3,868,6.64,27.9,3876,84837,0.045687613,0.746719376,30011,12.6,218,1777,21.6,46,20 weeks,Banned,Affected by Roe/Casey Reversal ,23,41,37,NO,NO,3,State laws neither require nor prohibit firearms registries.,2,24,38,37,36,0.853,10856,0.88,7007,0.122388738,5,110.8,No,No,No,No,No,No,No,Yes,Yes,Yes,No,No,No,73.5,83.9,7.1,3.8,4.4,2,2.9,2.2,2.2,2.5,0.6,1.9,90,Fully Illegal,NOT TRUE,1,5190705,47,110440.5319,48,108139.6875,0.797050912,8051,644.7279841,26.73773704,9,1.733868521,C-,C-,N/A,B,C,D,10.6,17.6,36.1,3.1,2,3645,3.44,0.1161,0.1388,2.16,0.13,0.713,0.1306,-0.0006,27,3,0.691,25,1.20444,62.4,0,0,0,53.8,15.2,23.3,0.1,3,0,2.3,0,2.4,$2.0 billion,0.035,2.25E+11,43258.42058,84933,11000,189206,0,268,85448,90815,80344,5,HIGH,HIGH,HIGH,HIGH,HIGH,7,9,741529.2857,6.817014329,0.182985671,2595352.5,576745,1668440.893,Henry McMaster,Republican,1.142857143,0,0.434,0.551
South Dakota,SD,75898,895376,0.008565276,11.7970961,1,9.95,1108,4801.333333,57616,27.7,504422,203185,0.186,3.526537767,9.817597603,8.754894474,24.3729223,2.482574993,1,724,306633,30817.38693,72.7638191,26.13718412,5.322011247,11.75,1037,121.77,99.74937343,277.6942356,286.23,10.75,4.668,36,3.99,0,0.084,4398.021333,3674.021333,3266.021333,818.5517126,303.815938,699.6618109,0.553,501.4,421,3797,15466,1727.319026,28,3.127177856,6.5,13.6,4,78.4,2.13,33.7,30.2,1,110,824054,21932,72,5,2024,580,4306,183,23,1732,10572,1959,169,307,2661.476068,8.737291488,0.606756353,245.6149718,70.38373699,522.5385715,22.20728253,2.791079225,210.1804008,1282.925634,237.7271392,20.50836474,83.36288458,No,1294282,0.691793597,11.5,3.11,2,0.04,0.15,0.128,0.122,0.006,0.125,10.3,83,21,21,186,7.3,24.5,1196,4031,0.296700571,1.335751684,3101,14.8,292,461,19.2,71,20 weeks,Not Protected,Potentially Affected by Roe/Casey Reversal ,42,42,50,NO,NO,4,Firearms registries are prohibited.,1,35,5,22,40,0.93,10073,0.92,6511,0.113006804,49,83.1,No,No,No,No,No,Yes,No,Yes,No,No,Yes,No,Yes,63.9,81.5,10.1,3.3,3.4,0,3.1,1.8,1.9,0.8,4.5,0.8,88,Fully Illegal,TRUE,2,447688,63,14212.31746,65,13775.01538,0.428206277,1819,492.2352941,2.396637593,0,0,D-,D+,F,N/A,F,N/A,12.6,18.5,38.4,2.3,2.5,5724,1.11,0.0908,0.1225,2.37,0.09,0.718,0.1383,-0.0483,13,32,0.664,2,37.949,45.2,9.322,10411.26856,122822.7358,0,9.2,8.7,0.1,29.7,0,0,52.3,0.1,$5.3 billion,0.027,48979000000,54702.15865,739491,0,80955,0,0,19841,17900,76303,5,HIGH,HIGH,HIGH,HIGH,HIGH,1,3,895376,1.175907901,-0.175907901,447688,298458.6667,671532,Kristi Noem,Republican,1,0,0.356,0.618
Tennessee,TN,41220,6975218,0.008561437,169.2192625,1,7.25,1258,5451.333333,65416,31.45,492583,201597,0.208,3.081768986,13.36850133,7.530007949,32.66465517,2.443404416,8,907,309740,42722.75862,125.1034483,28.83942766,4.734927235,10.76,1168,125.7,70.55961071,306.0827251,346.37,9.57,4.628,29,4.11,0,0.076,5037.032,4130.032,3657.962,890.0150852,382.2321839,790.3980121,0.516,672.7,376,26349,47887,686.5305142,31,0.444430554,11.5,21.3,3.7,75.6,2.03,40,32.5,1,437,6968993,241615,936,24,22517,4597,45554,1430,609,25247,112912,20142,4924,2723,3467.000182,13.4309218,0.34438261,323.1026348,65.96361913,653.6668928,20.51946386,8.738708735,362.2761567,1620.205387,289.0231056,70.6558322,37.2548401,Yes,5855373,1.191250839,16.6,0.79,5,0.02,0.09,0.118,0.102,0.016,0.11,45.6,3034,17.2,17.2,1220,6.38,26.7,6251,94907,0.065864478,0.896172707,5112,5.3,90,275,23.7,40,Viability,Banned,Affected by Roe/Casey Reversal ,31,24,37,NO,NO,3,State laws neither require nor prohibit firearms registries.,2,34,27,30,41,0.868,9544,0.88,8732,0.133484163,34,115.6,Yes,Yes,No,Yes,Yes,No,No,No,Yes,Yes,No,No,No,77.8,68.2,8.4,3.4,4.8,1.6,2.7,3.5,2.3,2.5,1.2,1.9,104,Fully Illegal,NOT TRUE,1,6975218,56,124557.4643,57,122372.2456,0.691411936,11542,604.3335644,28.0009704,7,1.003552864,C,C+,C+,C+,D,N/A,10.2,16.7,35,3.4,3.2,418,0.47,0.1306,0.1424,2.14,0.11,0.676,0.1131,-0.0031,35,4,0.694,17,2.424705882,57.6,0.041,5.877952488,994.6627851,43.4,22.4,17.8,0.1,15.1,0,0.4,0.1,0.8,$456.8 million,0.01,3.52E+11,50422.72514,1316680,60200,50853,0,0,11835,146663,11672,5,HIGH,HIGH,HIGH,HIGH,MOD,9,11,775024.2222,9.160636379,-0.160636379,3487609,634110.7273,2131316.611,Bill Lee,Republican,1.222222222,0,0.375,0.607
Texas,TX,261914,29527941,0.014871427,112.7390708,8,7.25,1376,5962.666667,71552,34.4,594313,237383,0.188,3.317629137,15.74157825,8.306029182,39.41067639,2.503603881,58,1113,315847,43565.10345,153.5172414,32.35465116,4.41423021,11.71,1132,132.59,66.05922551,313.4396355,286.64,10.15,4.624,51.75,4.39,0,0.086,5449.877333,4336.877333,3917.647333,892.4025816,385.9751067,847.2420704,0.457,446.5,513,154479,34534,116.9536338,24,0.081278949,7.6,14.2,3.2,78.6,0.68,34.5,35.1,1,1007,28865719,946717,2921,112,91628,18646,165521,2394,775,98477,452357,87047,22438,4401,3279.727763,10.11926985,0.3880035,317.4284347,64.5956541,573.4172081,8.293574811,2.684845647,341.1555416,1567.108029,301.5583987,77.73234403,39.07307699,Yes,22419490,1.317065687,12.5,2.18,5.66,0.02,0.19,0.177,0.137,0.04,0.157,14.1,4172,13.3,13.3,3924,5.29,34.5,18263,277797,0.065742251,0.618498933,497,3.1,41,74,24,49,6 weeks,Banned,Affected by Roe/Casey Reversal ,4,27,32,NO,NO,3,State laws neither require nor prohibit firearms registries.,2,28,27,45,34,0.81,9606,0.84,9324,0.130310823,41,133.7,Yes,Yes,Yes,Yes,Yes,No,Yes,Yes,Yes,Yes,Yes,Yes,No,75.8,63.8,6.8,4.1,4.1,0.6,2,2.3,2.3,1.5,2,1,139,Mixed,TRUE,2,14763970.5,99,298262.0303,101,292355.8515,0.192811381,27848,1060.325373,10.63249769,32,1.083719315,F,F,D-,D,N/A,D+,13.5,19.8,36.1,4.1,1.5,9293,1.36,0.1176,0.1353,2.26,0.28,0.648,0.0999,0.1801,44,30,0.649,51,5.135568627,64.8,100.049,3388.282305,381991.7988,8.3,18.4,48.6,0,0.2,0,2.9,20.7,0.9,$2.4 billion,0.008,1.88E+12,63727.80953,255219,21515,143793,0,275,3912,117384,2378,5,HIGH,HIGH,HIGH,HIGH,HIGH,36,38,820220.5833,38.7793945,-2.779394497,14763970.5,777051.0789,7792095.542,Greg Abbott,Republican,1.333333333,0,0.465,0.521
Utah,UT,82168,3337975,0.017007687,40.62378298,58,7.25,1231,5334.333333,64012,30.775,528864,217757,0.309,3.401815285,14.44011936,8.261950884,35.07055703,2.42868886,4,1158,557171,76851.17241,159.7241379,37.62794476,8.704164844,10.44,769,80.24,66.05922551,280.4100228,282.23,11.81,5.005,0,4.39,0.0495,0.121,4688.879,3530.879,3168.409,721.7332574,268.2818798,633.0487512,0.468,260.7,198,6662,1492,44.69775837,29,0.86879021,2.9,13.6,1.7,79.7,2.55,36.9,19.6,1,126,3188815,107749,256,7,6968,1812,23747,82,309,12751,50959,7960,1038,1860,3378.966795,8.02806058,0.219517281,218.5137739,56.8236163,744.6966977,2.571488155,9.690119998,399.8664081,1598.05445,249.6225087,32.55127688,15.24645896,Yes,2479604,1.346172615,7.7,2.24,6.67,0.02,0.06,0.261,0.221,0.04,0.241,20.5,622,20.8,20.8,651,5.43,16.5,2005,26916,0.074491009,0.600663576,10810,8.2,133,2160,12,54,Viability,Banned,Affected by Roe/Casey Reversal ,30,25,29,NO,NO,3,State laws neither require nor prohibit firearms registries.,2,36,16,6,31,0.906,7628,0.92,9945,0.155361495,44,111.3,Yes,No,No,No,Yes,No,No,Yes,No,Yes,No,No,No,76.2,53.1,6.1,3.7,3.5,0,2.2,1.9,2.2,2.6,0.8,1.2,94,Mixed,TRUE,5,667595,44,75863.06818,49,68121.93878,0.298169604,5557,600.6793234,6.76297342,10,2.995828309,C+,D,B-,B-,N/A,N/A,14.8,22.8,30.9,2,3.3,65044,2.24,0.0534,0.0888,1.35,0.16,0.722,0.126,0.034,45,36,0.517,15,5.477866667,48.6,0.826,247.4554183,10052.57521,0,61.8,24.7,0.1,1.8,0.8,8.1,1.9,0.6,$37.9 billion,0.023,1.86E+11,55761.98144,13647676,25000,111230,0,0,18020,131519,15109,5,HIGH,LOW,HIGH,HIGH,HIGH,4,6,834493.75,4.383802086,-0.383802086,1668987.5,556329.1667,1251740.625,Spencer Cox,Republican,1,0,0.376,0.581
Virginia,VA,39598,8642274,0.007612466,218.2502652,0,11,1424,6170.666667,74048,35.6,584784,270360,0.181,3.651145203,11.81643357,7.897363872,25.55874126,2.16298269,10,1269,383383,34853,115.3636364,35.64606742,5.177492978,12.03,1095,131.72,94.21841542,304.9250535,298.01,9.74,5.016,76,4.67,0.0575,0.125,5399.333333,4130.333333,3700.603333,792.420414,379.9387406,737.7598352,0.446,208,418,36091,8501,98.3653145,15,0.17356543,6.4,13.4,2.9,79.1,2.28,31.3,22.1,1,411,8640726,221013,647,30,10464,3489,47560,1569,814,36400,104537,11248,2929,1326,2557.805907,7.487796743,0.347193048,121.1009353,40.37855152,550.4167127,18.15819643,9.420504712,421.2608987,1209.817323,130.1742469,33.89761462,25.55880849,Yes,7606452,1.136176762,9.7,0.48,5.91,0.01,0.13,0.055,0.032,0.023,0.043,26.6,2240,18.1,13.5,1202,0,20,2661,49292,0.053984419,0.307905072,2923,4.3,60,164,13.6,33,3rd trimester,Not Protected,Potentially Affected by Roe/Casey Reversal ,14,35,32,NO,NO,3,State laws neither require nor prohibit firearms registries.,2,22,5,30,14,0.88,12216,0.9,14063,0.189917351,11,139.6,No,No,No,No,No,No,No,Yes,Yes,Yes,No,No,No,80.1,81.7,7.3,5.2,4.7,2.8,2.3,2.4,2.6,2.6,1.1,1.4,146,Fully Legal,TRUE,1,8642274,37,233574.973,38,227428.2632,0.479822213,10088,856.6885408,25.47603414,22,2.545626302,B,B+,N/A,N/A,B,C+,12.4,15.7,34.2,2.6,2.1,383,0.61,0.0822,0.1002,2.13,0.1,0.665,0.1674,-0.0674,10,13,0.687,31,1.277354839,55.1,0.05,5.785514322,1262.690035,30.3,3.3,57.4,0.3,0.8,0,3.6,0.1,4.2,$295.5 million,0.01,5.01E+11,57964.06131,0,0,11410,2500,0,24817,318491,13913,2,MOD,LOW,LOW,MOD,MOD,11,13,785661.2727,11.35000076,-0.35000076,4321137,664790.3077,2553399.136,Glenn Youngkin,Republican,1.636363636,1,0.541,0.44
Vermont,VT,9249,645570,0.00273653,69.79889718,3,12.55,1189,5152.333333,61828,29.725,451765,206007,0.104,3.331936986,7.891779038,7.306802743,17.30635152,2.192959463,0,1007,374414,29833.78486,80.23904382,33.87720774,6.055735266,19.54,567,110.79,109.3681917,259.0413943,497.41,9.21,4.797,40.75,4.59,0.0875,0.136,4451.616,3444.616,2836.416,617.9555556,307.9713355,591.289556,0.505,173.4,183,1137,12448,1928.218474,18,2.788233654,0,11.6,2.9,79.8,5.45,33.6,,0,88,645570,13817,43,0,1129,179,3249,59,17,1455,7006,450,65,165,2140.279133,6.660780396,0,174.8842109,27.72743467,503.2761745,9.13921031,2.633331784,225.3822204,1085.242499,69.70584135,10.06862153,58.32887766,Yes,607890,1.061984899,7.5,1.19,4.5,0.02,0.07,0.134,0.117,0.017,0.125,32.9,190,13.5,18.1,117,5.76,0.1,725,4428,0.163730804,1.123038555,53277,9.1,139,1164,7.6,45,40,Protected,,48,2,1,YES,NO,4,Firearms registries are prohibited.,1,12,5,4,2,0.934,9340,0.93,12813,0.207236204,39,89.6,No,No,No,No,No,No,No,No,No,No,No,No,No,68.3,109.9,7.2,1.9,4.2,8.2,1.1,0.8,2.4,0.6,0,1.1,106,Fully Legal,TRUE,0,N/A,58,11130.51724,58,11130.51724,3.135474105,854,755.9367681,9.233430641,0,0,C+,B-,N/A,N/A,N/A,N/A,9.5,12.9,29,2.1,2.6,5579,1.74,0.1073,0.1054,3.06,0,0.731,0.1179,-0.1179,4,45,0.717,12,0.77075,42.9,0.338,523.5683195,36544.4913,0,0,0.1,0.2,50,0,8.8,15.7,25.2,$3.2 billion,0.022,30130000000,46671.93333,0,0,3878,0,919,22591,22027,9367,4,HIGH,HIGH,MOD,MOD,LOW,1,3,645570,0.847834724,0.152165276,322785,215190,484177.5,Phil Scott,Republican,2,0.75,0.661,0.307
Washington,WA,66582,7738692,0.013707337,116.2279895,10,14.49,1683,7293,87516,42.075,685128,283574,0.203,3.240253211,9.408809789,7.82860277,22.73212295,2.416046605,12,1401,610121,42106.34921,96.6873706,33.29768271,6.971536633,9.87,969,95.72,124.111349,360.385439,402.08,8.53,5.511,30,4.67,0,0.107,6512.649,5111.649,4613.849,987.9762313,540.8967175,837.2072219,0.421,293.7,243,19184,3707,47.90215194,28,0.36181825,4.2,10.9,2.4,80,6.9,42.6,28.3,0,248,7700987,357551,1587,11,39475,3560,77062,140,718,24008,164309,35326,5680,5675,4642.924342,20.60774807,0.142838834,512.5966321,46.22784067,1000.676926,1.81794879,9.323480224,311.7522468,2133.609627,458.7204212,73.75677949,15.34593274,Yes,7257401,1.066317267,6.8,1.44,5.73,0.05,0.23,0.083,0.078,0.005,0.08,22,1733,15.2,15.2,1212,4.51,13.8,5205,49174,0.105848619,0.672594283,1203,10.6,213,211,12.7,42,Viability,Protected,,16,3,4,YES,NO,3,State laws neither require nor prohibit firearms registries.,2,26,9,10,22,0.902,12995,0.91,14554,0.166301019,47,124.34,Yes,Yes,Yes,Yes,No,No,No,No,No,Yes,No,No,No,66.8,85.1,6.8,9.7,3.4,0,1.6,1.9,2,1,1.3,1,141,Fully Legal,TRUE,3,2579564,212,36503.26415,215,35993.91628,1.614550479,6114,1265.733072,9.182661981,0,0,B+,D-,B,A,B,C,10.2,15.5,28.8,3.7,2.8,14869,1.74,0.1075,0.0995,2.22,0.09,0.624,0.1395,-0.0495,23,23,0.714,51,1.305529412,48.3,9.508,1228.631402,142801.3577,7.8,2.9,14.4,0,64.6,0,0,8.7,1.6,$53.0 billion,0.112,5.82E+11,75219.06803,0,0,7850,0,0,96974,57425,56875,1,LOW,MOD,LOW,LOW,LOW,10,12,773869.2,10.16331582,-0.163315822,3869346,644891,2321607.6,Jay Inslee,Democratic,1.7,1,0.58,0.388
Wisconsin,WI,54314,5895908,0.003577046,108.5522701,4,7.25,1202,5208.666667,62504,30.05,475584,204669,0.196,3.274494432,13.57221485,7.608857033,31.53740053,2.323673834,8,872,270017,37243.72414,120.2758621,29.01830283,4.31999552,14.32,694,99.42,69.2124105,286.8735084,385.97,9.8,4.875,51.5,4.19,0.0765,0.109,4640.922,3768.922,3283.532,783.6591885,335.0542857,673.5450256,0.453,323.4,376,22039,17537,297.4435829,19,0.322257403,6.1,12.2,3.3,79.3,0.8,32.4,23,0,323,5423821,131390,474,0,9298,2005,25830,540,275,15565,57234,15950,2648,1571,2422.461951,8.73922646,0,171.4289612,36.96655918,476.2325305,9.956080778,5.070226322,286.9748098,1055.233939,294.0731267,48.82167018,46.21978651,Yes,5616271,1.04979051,9.7,1.73,5.67,0.06,0.29,0.092,0.063,0.029,0.078,27.7,1531,19.4,14.5,866,7.33,13.7,4559,35075,0.129978617,0.773248158,17207,11.7,197,891,12.5,51,20 weeks,Banned,Affected by Roe/Casey Reversal ,40,33,23,YES,NO,3,State laws neither require nor prohibit firearms registries.,2,32,4,6,39,0.927,12285,0.92,12567,0.201059132,13,85.1,No,No,Yes,Yes,Yes,Yes,Yes,No,No,Yes,Yes,No,No,65,86.4,9.1,3,5.1,1.2,2.1,2.3,1.8,0.9,2.2,1.1,113,Mixed,NOT TRUE,0,N/A,76,77577.73684,76,77577.73684,0.699635453,6078,970.0408029,11.19048496,5,0.848045797,B-,B,C-,N/A,C+,N/A,11.7,18.5,33.9,3.1,3.1,-349,-0.19,0.1049,0.1089,1.74,0.12,0.701,0.0776,0.0424,20,24,0.716,37,1.467945946,43.1,1.615,273.9187925,29734.50676,15.2,41.9,33.9,0.3,3.8,0,0.6,2.5,1.8,$527 million,0.007,3.07E+11,52024.7263,1269486,2502,109240,0,0,82473,164830,4397,5,HIGH,HIGH,MOD,HIGH,HIGH,8,10,736988.5,7.743165778,0.256834222,2947954,589590.8,1842471.25,Tony Evers,Democratic,1.375,0.5,0.495,0.488
West Virginia,WV,24087,1782959,-0.003246047,74.02162992,12,8.75,1053,4563,54756,26.325,350212,171135,0.218,3.125410914,9.403021978,6.395865293,19.24241758,2.046407807,0,723,144624,16528.45714,82.62857143,27.46438746,2.641244795,11.8,1051,124.09,86.84863524,261.2903226,427.19,11.07,4.919,75,4.03,0.065,0.098,4115.826,3392.826,2841.546,705.098263,256.6888889,577.6674121,0.585,355.9,387,6800,5091,285.5365715,36,2.019115414,7,18.1,4,74.5,1.95,33.6,41.2,0,247,1575083,30705,237,4,3344,663,5807,101,13,2615,15198,1797,198,728,1949.421078,15.0468261,0.253954871,212.3062721,42.09301986,368.6789839,6.412360491,0.825353331,166.0229969,964.9015322,114.0892258,12.57076611,73.69185275,No,1657362,1.075781272,14.5,1.27,6.5,0.08,0.12,0.128,0.086,0.042,0.107,81.4,1330,14.5,19.4,354,5.94,12.9,4950,53476,0.092564889,2.776283695,15381,9.1,153,920,25.2,43,20 weeks,Banned,Affected by Roe/Casey Reversal ,50,38,35,NO,NO,3,State laws neither require nor prohibit firearms registries.,2,19,47,45,49,0.866,11334,0.87,8736,0.15954416,10,60.7,No,No,No,No,No,No,No,Yes,No,No,No,No,No,73.8,66.2,9.7,2.2,5.8,1.3,3.5,3.5,2.3,3.9,3.9,2.1,88,Mixed,TRUE,1,1782959,45,39621.31111,46,38759.97826,0.954871923,4413,404.0242465,18.32108606,1,0.560865393,C,C,N/A,N/A,D+,N/A,9.7,16.6,40.6,3.9,2,24103,3.17,0.0526,0.1766,3.77,0.11,0.788,0.2051,-0.0951,5,48,0.697,9,2.676333333,51.8,1.624,910.845398,67422.26097,0,90.8,4.1,0.3,2.3,0,0,2.5,0.1,$12.6 billion,0.029,72854100000,40861.34342,346688,5000,768495,0,0,51910,295486,22102,5,HIGH,HIGH,HIGH,HIGH,HIGH,3,5,594319.6667,2.341581163,0.658418837,891479.5,356591.8,742899.5833,Jim Justice,Republican,1,0.5,0.297,0.686
Wyoming,WY,97105,578803,0.002322001,5.960589053,8,7.25,1143,4953,59436,28.575,578298,212937,0.346,3.582626691,14.12049072,9.729759742,38.34867374,2.715817354,5,800,341732,47135.44828,110.3448276,27.99650044,5.74957938,11.11,869,96.59,66.66666667,262.7586207,345.62,10.38,4.697,30,4.35,0,0.075,4581.525,3781.525,3339.315,767.6586207,321.7066474,710.9463487,0.662,234.2,426,2479,12825,2215.779808,38,6.565273504,4.9,25.9,7.6,77.7,0.72,35.8,35.8,1,47,450309,10750,52,1,1056,174,2577,9,60,896,5005,851,47,22,2387.249644,11.54762619,0.222069734,234.5056395,38.64013377,572.2737054,1.998627609,13.32418406,198.974482,1111.45902,188.9813439,10.43727751,28.96482019,No,861028,0.672223203,25.4,0.96,4,0.02,0.13,0.058,0.059,-0.001,0.058,17.4,99,30.5,30.5,182,5.22,26.3,1027,5093,0.201649323,1.77435155,1436,4.5,77,160,19.4,56,Viability,Banned,Affected by Roe/Casey Reversal ,38,48,43,NO,NO,3,State laws neither require nor prohibit firearms registries.,2,43,9,13,47,0.911,16224,0.93,10647,0.179133858,18,69.9,No,No,No,No,No,No,No,No,No,No,No,No,Yes,62.5,96.2,10,4.3,4.8,0.2,2.8,2.4,3.8,2.4,1.6,1,89,Fully Illegal,NOT TRUE,2,289401.5,31,18671.06452,33,17539.48485,0.16991916,948,610.5516878,0.976262808,0,0,D,C-,D-,D,N/A,N/A,12.7,19.2,32,3.1,3.8,3341,0.57,0.0439,0.1069,2.93,0.08,0.711,0.1059,-0.0259,18,43,0.571,2,48.5525,42,8.449,14597.36733,87008.90788,0,73.3,3.5,0.1,2.3,0,0.4,19.4,1,$2.3 billion,0.008,36979400000,63889.44079,29489,0,75260,0,0,0,47033,7025,5,HIGH,HIGH,HIGH,HIGH,MOD,1,3,578803,0.760148832,0.239851168,289401.5,192934.3333,434102.25,Mark Gordon,Republican,1,0,0.266,0.699
